OperationId,Person,RegAddrKoatuu,OperationCode,OperationName,DateReg,DepCode,DepartmentName,Brand,Model,Vin,MakeYear,Color,Kind,Body,Purpose,Fuel,Capacity,OwnWeight,TotalWeight,NumberRegNew
1,P,3220880905,254,НАЛЕЖНИЙ КОРИСТУВАЧ. РЕЄСТРАЦІЯ,09/07/2022 00:00:00,10000,OLD_ДДАІ МВС УКРАЇНИ,NISSAN,QASHQAI,SJNFBNJ10U2471634,01/01/2012 00:00:00,БІЛИЙ,ЛЕГКОВИЙ,ХЕТЧБЕК,ЗАГАЛЬНИЙ,БЕНЗИН АБО ГАЗ,1997,1310,1960,АІ1954ЕМ
2,P,5610700000,315,ПЕРЕРЕЄСТРАЦІЯ ТЗ НА НОВ. ВЛАСН. ПО ДОГОВОРУ УКЛАДЕНОМУ В ТСЦ,12/09/2022 00:00:00,12286,ТСЦ 3247,VOLKSWAGEN,GOLF,WVWZZZ1KZCW268678,01/01/2012 00:00:00,БІЛИЙ,ЛЕГКОВИЙ,ХЕТЧБЕК,ЗАГАЛЬНИЙ,БЕНЗИН,1390,1020,1850,АІ2805ОН
3,P,8036600000,315,ПЕРЕРЕЄСТРАЦІЯ ТЗ НА НОВ. ВЛАСН. ПО ДОГОВОРУ УКЛАДЕНОМУ В ТСЦ,07/02/2022 00:00:00,12294,ТСЦ 8045,RENAULT,FLUENCE,VF1LZBB0647079727,01/01/2012 00:00:00,СІРИЙ,ЛЕГКОВИЙ,СЕДАН,ЗАГАЛЬНИЙ,ДИЗЕЛЬНЕ ПАЛИВО,1461,1280,1680,КА1560ІЕ
4,P,5610100000,410,ПЕРЕРЕЄСТРАЦІЯ ПРИ ЗАМІНІ НОМЕРНОГО ЗНАКУ,09/13/2022 00:00:00,12337,ТСЦ 5641,NISSAN,TIIDA,3N1FCAC11UK561776,01/01/2012 00:00:00,ЧОРНИЙ,ЛЕГКОВИЙ,ХЕТЧБЕК,ЗАГАЛЬНИЙ,БЕНЗИН,1598,1268,1715,ВК2037ІВ
5,P,6823987705,315,ПЕРЕРЕЄСТРАЦІЯ ТЗ НА НОВ. ВЛАСН. ПО ДОГОВОРУ УКЛАДЕНОМУ В ТСЦ,09/02/2022 00:00:00,12375,ТСЦ 6845,ВАЗ,2107,XTA21070062333807,01/01/2006 00:00:00,ЧЕРВОНИЙ,ЛЕГКОВИЙ,СЕДАН,ЗАГАЛЬНИЙ,БЕНЗИН АБО ГАЗ,1451,1110,1460,ВХ4979НІ
6,P,8036400000,315,ПЕРЕРЕЄСТРАЦІЯ ТЗ НА НОВ. ВЛАСН. ПО ДОГОВОРУ УКЛАДЕНОМУ В ТСЦ,01/19/2022 00:00:00,13960,ТСЦ 8048,TOYOTA,LAND CRUISER PRADO 150,JTEBX3FJ20K086739,01/01/2012 00:00:00,ЧОРНИЙ,ЛЕГКОВИЙ,УНІВЕРСАЛ,ЗАГАЛЬНИЙ,БЕНЗИН АБО ГАЗ,2694,2020,2600,КА0991НА
7,P,5123755300,315,ПЕРЕРЕЄСТРАЦІЯ ТЗ НА НОВ. ВЛАСН. ПО ДОГОВОРУ УКЛАДЕНОМУ В ТСЦ,11/08/2022 00:00:00,12322,ТСЦ 5142,HONDA,CIVIC,NLAFB8660CW002716,01/01/2012 00:00:00,БІЛИЙ,ЛЕГКОВИЙ,СЕДАН,ЗАГАЛЬНИЙ,БЕНЗИН,1798,920,1700,ВН3587РТ
8,P,1211000000,315,ПЕРЕРЕЄСТРАЦІЯ ТЗ НА НОВ. ВЛАСН. ПО ДОГОВОРУ УКЛАДЕНОМУ В ТСЦ,07/10/2022 00:00:00,12295,ТСЦ 8046,MITSUBISHI,LANCER,JMBSTCY4ABU000242,01/01/2011 00:00:00,СІРИЙ,ЛЕГКОВИЙ,СЕДАН,ЗАГАЛЬНИЙ,БЕНЗИН АБО ГАЗ,1998,1335,1850,КА7050НІ
9,P,1414100000,440,ПЕРЕРЕЄСТРАЦIЯ ПРИ ВТРАТІ СВIДОЦТВА ПРО РЕЄСТРАЦIЮ,04/14/2022 00:00:00,12294,ТСЦ 8045,KIA,CERATO,KNAFW411BC5611891,01/01/2012 00:00:00,БІЛИЙ,ЛЕГКОВИЙ,СЕДАН,ЗАГАЛЬНИЙ,БЕНЗИН АБО ГАЗ,1591,1271,1680,АН5608КІ
10,P,524355300,308,ПЕРЕРЕЄСТРАЦІЯ НА НОВОГО ВЛАСНИКА ЗА ДОГ. КУПIВЛI-ПРОДАЖУ (СГ),12/23/2022 00:00:00,12232,ТСЦ 0544,PEUGEOT,EXPERT,VF3BYRHZB86227283,01/01/2005 00:00:00,СІРИЙ,ЛЕГКОВИЙ,ПАСАЖИРСЬКИЙ,ЗАГАЛЬНИЙ,ДИЗЕЛЬНЕ ПАЛИВО,1997,1480,2330,АВ4728ІХ
11,P,3220610100,308,ПЕРЕРЕЄСТРАЦІЯ НА НОВОГО ВЛАСНИКА ЗА ДОГ. КУПIВЛI-ПРОДАЖУ (СГ),09/15/2022 00:00:00,12296,ТСЦ 8047,INFINITI,QX56,JN1JANZ62U0002614,01/01/2011 00:00:00,ЧОРНИЙ,ЛЕГКОВИЙ,УНІВЕРСАЛ,ЗАГАЛЬНИЙ,БЕНЗИН,5552,2800,3400,КА9883НО
12,P,510400000,308,ПЕРЕРЕЄСТРАЦІЯ НА НОВОГО ВЛАСНИКА ЗА ДОГ. КУПIВЛI-ПРОДАЖУ (СГ),08/13/2022 00:00:00,12231,ТСЦ 0543,HONDA,PILOT,5KBYF4890CB401547,01/01/2012 00:00:00,БІЛИЙ,ЛЕГКОВИЙ,УНІВЕРСАЛ,ЗАГАЛЬНИЙ,БЕНЗИН АБО ГАЗ,3471,2119,2765,АВ0089ЕІ
13,P,8038000000,254,НАЛЕЖНИЙ КОРИСТУВАЧ. РЕЄСТРАЦІЯ,09/02/2022 00:00:00,10000,OLD_ДДАІ МВС УКРАЇНИ,CITROEN,C4,VF7NC5FS9CY546795,01/01/2012 00:00:00,ЧЕРВОНИЙ,ЛЕГКОВИЙ,ХЕТЧБЕК,ЗАГАЛЬНИЙ,БЕНЗИН,1598,1270,1755,КА0704СВ
14,P,2610300000,308,ПЕРЕРЕЄСТРАЦІЯ НА НОВОГО ВЛАСНИКА ЗА ДОГ. КУПIВЛI-ПРОДАЖУ (СГ),07/07/2022 00:00:00,12276,ТСЦ 2641,RENAULT,TRAFIC,VF1FLAHA68Y239128,01/01/2007 00:00:00,БІЛИЙ,ЛЕГКОВИЙ,ПАСАЖИРСЬКИЙ,ЗАГАЛЬНИЙ,ДИЗЕЛЬНЕ ПАЛИВО,1995,1783,2770,АТ1294НК
15,P,6325155800,315,ПЕРЕРЕЄСТРАЦІЯ ТЗ НА НОВ. ВЛАСН. ПО ДОГОВОРУ УКЛАДЕНОМУ В ТСЦ,02/17/2022 00:00:00,13653,ТСЦ 6350,DACIA,LOGAN,UU1LSDAGH39398430,01/01/2008 00:00:00,СІРИЙ,ЛЕГКОВИЙ,СЕДАН,ЗАГАЛЬНИЙ,БЕНЗИН АБО ГАЗ,1390,1085,1535,АХ8613МА
16,P,4610136900,308,ПЕРЕРЕЄСТРАЦІЯ НА НОВОГО ВЛАСНИКА ЗА ДОГ. КУПIВЛI-ПРОДАЖУ (СГ),12/31/2022 00:00:00,12307,ТСЦ  4641,FORD,FOCUS,WF0LXXGCBLCG78636,01/01/2012 00:00:00,ЧОРНИЙ,ЛЕГКОВИЙ,УНІВЕРСАЛ,ЗАГАЛЬНИЙ,БЕНЗИН АБО ГАЗ,1596,1520,1825,ВС8697РН
17,P,6810100000,315,ПЕРЕРЕЄСТРАЦІЯ ТЗ НА НОВ. ВЛАСН. ПО ДОГОВОРУ УКЛАДЕНОМУ В ТСЦ,08/10/2022 00:00:00,12371,ТСЦ 6841,TOYOTA,PRADO,JTEBU25J175080377,01/01/2006 00:00:00,ЧОРНИЙ,ЛЕГКОВИЙ,УНІВЕРСАЛ,ЗАГАЛЬНИЙ,БЕНЗИН АБО ГАЗ,3956,2090,2700,ВХ7271НН
18,J,6810100000,254,НАЛЕЖНИЙ КОРИСТУВАЧ. РЕЄСТРАЦІЯ,11/25/2022 00:00:00,12371,ТСЦ 6841,CHEVROLET,NIVA,X9L212300B0362893,01/01/2011 00:00:00,СІРИЙ,ЛЕГКОВИЙ,УНІВЕРСАЛ,ЗАГАЛЬНИЙ,БЕНЗИН,1690,1380,1860,ВХ8893СХ
19,P,521610100,315,ПЕРЕРЕЄСТРАЦІЯ ТЗ НА НОВ. ВЛАСН. ПО ДОГОВОРУ УКЛАДЕНОМУ В ТСЦ,02/23/2022 00:00:00,12233,ТСЦ 0545,NISSAN,PRIMASTAR,VSKF4ABA5UY556905,01/01/2004 00:00:00,БІЛИЙ,ЛЕГКОВИЙ,ПАСАЖИРСЬКИЙ,ЗАГАЛЬНИЙ,ДИЗЕЛЬНЕ ПАЛИВО,1870,1675,2700,АВ2565ІМ
20,P,7124610100,308,ПЕРЕРЕЄСТРАЦІЯ НА НОВОГО ВЛАСНИКА ЗА ДОГ. КУПIВЛI-ПРОДАЖУ (СГ),11/26/2022 00:00:00,12295,ТСЦ 8046,MERCEDES-BENZ,S 450,WDD2211841A233000,01/01/2008 00:00:00,ЧОРНИЙ,ЛЕГКОВИЙ,СЕДАН,ЗАГАЛЬНИЙ,ДИЗЕЛЬНЕ ПАЛИВО,2987,1920,2640,КА1241КН
21,P,1810100000,308,ПЕРЕРЕЄСТРАЦІЯ НА НОВОГО ВЛАСНИКА ЗА ДОГ. КУПIВЛI-ПРОДАЖУ (СГ),05/19/2022 00:00:00,12254,ТСЦ 1841,VOLKSWAGEN,MULTIVAN,WV2ZZZ7HZBH014976,01/01/2010 00:00:00,ЧОРНИЙ,ЛЕГКОВИЙ,ПАСАЖИРСЬКИЙ,ЗАГАЛЬНИЙ,ДИЗЕЛЬНЕ ПАЛИВО,1968,2530,3080,АМ5539НС
22,P,1211300000,308,ПЕРЕРЕЄСТРАЦІЯ НА НОВОГО ВЛАСНИКА ЗА ДОГ. КУПIВЛI-ПРОДАЖУ (СГ),09/20/2022 00:00:00,12244,ТСЦ 1245,MERCEDES-BENZ,108CDI,VSA63809413249826,01/01/1999 00:00:00,БІЛИЙ,ВАНТАЖНИЙ,ФУРГОН,СПЕЦІАЛІЗОВАНИЙ,ДИЗЕЛЬНЕ ПАЛИВО,2148,1610,2700,АЕ6052ТС
23,P,6510700000,412,ПЕРЕРЕЄСТРАЦІЯ ТЗ ПРИ ВИДАЧІ НОМЕРНОГО ЗНАКУ ВІДПОВІДНОЇ КОМБІНАЦІЇ ЦИФР,06/24/2022 00:00:00,12241,ТСЦ 1242,SUBARU,LEGACY,JF1BM9LV3BG023491,01/01/2011 00:00:00,БІЛИЙ,ЛЕГКОВИЙ,СЕДАН,ЗАГАЛЬНИЙ,БЕНЗИН,2457,1562,2070,АЕ0101ЕА
24,P,3222486201,315,ПЕРЕРЕЄСТРАЦІЯ ТЗ НА НОВ. ВЛАСН. ПО ДОГОВОРУ УКЛАДЕНОМУ В ТСЦ,11/01/2022 00:00:00,12285,ТСЦ 3246,RENAULT,TRAFIC,VF1FLBCB64Y046058,01/01/2004 00:00:00,СИНІЙ,ЛЕГКОВИЙ,ПАСАЖИРСЬКИЙ,ЗАГАЛЬНИЙ,ДИЗЕЛЬНЕ ПАЛИВО,1870,1800,2940,АІ6629ОТ
25,P,7123186001,308,ПЕРЕРЕЄСТРАЦІЯ НА НОВОГО ВЛАСНИКА ЗА ДОГ. КУПIВЛI-ПРОДАЖУ (СГ),06/15/2022 00:00:00,13960,ТСЦ 8048,KIA,PICANTO,KNABX512BCT208739,01/01/2011 00:00:00,СИНІЙ,ЛЕГКОВИЙ,ХЕТЧБЕК,ЗАГАЛЬНИЙ,БЕНЗИН,1248,940,1330,КА5733НВ
26,P,6810100000,315,ПЕРЕРЕЄСТРАЦІЯ ТЗ НА НОВ. ВЛАСН. ПО ДОГОВОРУ УКЛАДЕНОМУ В ТСЦ,12/14/2022 00:00:00,12371,ТСЦ 6841,OPEL,VIVARO,W0LF7ABA54V616099,01/01/2004 00:00:00,БІЛИЙ,ЛЕГКОВИЙ,ПАСАЖИРСЬКИЙ,ЗАГАЛЬНИЙ,ДИЗЕЛЬНЕ ПАЛИВО,1870,1780,2700,ВХ3298НВ
27,P,5920389203,308,ПЕРЕРЕЄСТРАЦІЯ НА НОВОГО ВЛАСНИКА ЗА ДОГ. КУПIВЛI-ПРОДАЖУ (СГ),01/22/2022 00:00:00,12344,ТСЦ 5943,PEUGEOT,PARTNER,VF3GCRHYB96099002,01/01/2004 00:00:00,БІЛИЙ,ЛЕГКОВИЙ,ПАСАЖИРСЬКИЙ,ЗАГАЛЬНИЙ,ДИЗЕЛЬНЕ ПАЛИВО,1997,1211,1990,ВМ2384СХ
28,P,5310100000,315,ПЕРЕРЕЄСТРАЦІЯ ТЗ НА НОВ. ВЛАСН. ПО ДОГОВОРУ УКЛАДЕНОМУ В ТСЦ,12/15/2022 00:00:00,12335,ТСЦ 5346,CHERY,M11,LVVDC11B5BD357982,01/01/2011 00:00:00,СІРИЙ,ЛЕГКОВИЙ,СЕДАН,ЗАГАЛЬНИЙ,БЕНЗИН,1597,1470,1845,ВІ5273НР
29,P,8038900000,315,ПЕРЕРЕЄСТРАЦІЯ ТЗ НА НОВ. ВЛАСН. ПО ДОГОВОРУ УКЛАДЕНОМУ В ТСЦ,02/12/2022 00:00:00,12290,ТСЦ 8041,NISSAN,PATHFINDER,VSKJVWR51U0446788,01/01/2011 00:00:00,ЧОРНИЙ,ЛЕГКОВИЙ,УНІВЕРСАЛ,ЗАГАЛЬНИЙ,ДИЗЕЛЬНЕ ПАЛИВО,2488,2225,2880,КА2713НХ
30,P,8000000000,254,НАЛЕЖНИЙ КОРИСТУВАЧ. РЕЄСТРАЦІЯ,09/02/2022 00:00:00,10000,OLD_ДДАІ МВС УКРАЇНИ,TOYOTA,NIVA,JTMBE31V40D086735,01/01/2012 00:00:00,БІЛИЙ,ЛЕГКОВИЙ,УНІВЕРСАЛ,ЗАГАЛЬНИЙ,БЕНЗИН,1987,1500,2110,АА5321РВ
31,P,2625610100,315,ПЕРЕРЕЄСТРАЦІЯ ТЗ НА НОВ. ВЛАСН. ПО ДОГОВОРУ УКЛАДЕНОМУ В ТСЦ,12/14/2022 00:00:00,12307,ТСЦ  4641,FORD,FIESTA,WF0JXXGAJJCB22742,01/01/2012 00:00:00,ЧЕРВОНИЙ,ЛЕГКОВИЙ,ХЕТЧБЕК,ЗАГАЛЬНИЙ,БЕНЗИН,1388,1041,1530,ВС7729РІ
32,P,8038600000,315,ПЕРЕРЕЄСТРАЦІЯ ТЗ НА НОВ. ВЛАСН. ПО ДОГОВОРУ УКЛАДЕНОМУ В ТСЦ,06/15/2022 00:00:00,13960,ТСЦ 8048,CITROEN,C1,VF7PNCFB089635362,01/01/2012 00:00:00,СИНІЙ,ЛЕГКОВИЙ,ХЕТЧБЕК,ЗАГАЛЬНИЙ,БЕНЗИН,998,835,1190,КА5771НВ
33,P,6510165800,254,НАЛЕЖНИЙ КОРИСТУВАЧ. РЕЄСТРАЦІЯ,12/26/2022 00:00:00,10000,OLD_ДДАІ МВС УКРАЇНИ,MITSUBISHI,LANCER,JMBSTCY4A8U007625,01/01/2008 00:00:00,СІРИЙ,ЛЕГКОВИЙ,СЕДАН,ЗАГАЛЬНИЙ,БЕНЗИН АБО ГАЗ,1998,1351,1850,ВТ1765ВО
34,P,3210600000,400,ПЕРЕРЕЄСТРАЦIЯ ПРИ ПЕРЕОБЛАДНАННI ДЛЯ РОБОТИ НА ГАЗОВОМУ ПАЛЬНОМУ,01/20/2022 00:00:00,12282,ТСЦ 3243,SKODA,FABIA,TMBEC45J7CB503989,01/01/2012 00:00:00,СІРИЙ,ЛЕГКОВИЙ,ХЕТЧБЕК,ЗАГАЛЬНИЙ,БЕНЗИН АБО ГАЗ,1390,1095,1559,АІ9442КР
35,P,3222410600,315,ПЕРЕРЕЄСТРАЦІЯ ТЗ НА НОВ. ВЛАСН. ПО ДОГОВОРУ УКЛАДЕНОМУ В ТСЦ,02/05/2022 00:00:00,12296,ТСЦ 8047,CITROEN,C4,VF7NC5FS9CY507932,01/01/2012 00:00:00,ЧОРНИЙ,ЛЕГКОВИЙ,ХЕТЧБЕК,ЗАГАЛЬНИЙ,БЕНЗИН,1598,1270,1755,КА3161НТ
36,P,6810100000,230,ВИДАЧА СВ. ПРО РЕЄСТР ДЛЯ ПОЇЗДКИ ЗА КОРДОН,04/14/2022 00:00:00,12313,ТСЦ 4647,CODER,RE 219D,VGXRE219DX3SP0040,01/01/2001 00:00:00,СІРИЙ,ПРИЧІП,ПР-ПЛАТФОРМА,СПЕЦІАЛІЗОВАНИЙ,,0,5100,18000,ВХ6876ХТ
37,P,1412336300,315,ПЕРЕРЕЄСТРАЦІЯ ТЗ НА НОВ. ВЛАСН. ПО ДОГОВОРУ УКЛАДЕНОМУ В ТСЦ,10/14/2022 00:00:00,12293,ТСЦ 8044,HYUNDAI,GENESIS COUPE,KMHHT61DBCU080055,01/01/2012 00:00:00,СІРИЙ,ЛЕГКОВИЙ,КУПЕ,ЗАГАЛЬНИЙ,БЕНЗИН,1998,1526,1950,КА7180ІР
38,P,6810100000,230,ВИДАЧА СВ. ПРО РЕЄСТР ДЛЯ ПОЇЗДКИ ЗА КОРДОН,04/14/2022 00:00:00,12313,ТСЦ 4647,VOLVO,FH 12.420,YV2A4CFC03B346804,01/01/2003 00:00:00,СИНІЙ,ВАНТАЖНИЙ,ПЛАТФОРМА,СПЕЦІАЛІЗОВАНИЙ,ДИЗЕЛЬНЕ ПАЛИВО,12100,12000,25500,ВХ7510ВН
39,P,4610900000,315,ПЕРЕРЕЄСТРАЦІЯ ТЗ НА НОВ. ВЛАСН. ПО ДОГОВОРУ УКЛАДЕНОМУ В ТСЦ,07/14/2022 00:00:00,12310,ТСЦ 4644,MERCEDES-BENZ,S 430,WDB2201701A405937,01/01/2003 00:00:00,СІРИЙ,ЛЕГКОВИЙ,СЕДАН,ЗАГАЛЬНИЙ,БЕНЗИН АБО ГАЗ,4266,1720,2150,ВС6080ОМ
40,P,8036600000,410,ПЕРЕРЕЄСТРАЦІЯ ПРИ ЗАМІНІ НОМЕРНОГО ЗНАКУ,08/20/2022 00:00:00,12295,ТСЦ 8046,LAND ROVER,RANGE ROVER,SALLSAAF4CA719513,01/01/2011 00:00:00,ЧОРНИЙ,ЛЕГКОВИЙ,УНІВЕРСАЛ,ЗАГАЛЬНИЙ,ДИЗЕЛЬНЕ ПАЛИВО,2993,2701,3175,КА2166ІС
41,P,8036400000,315,ПЕРЕРЕЄСТРАЦІЯ ТЗ НА НОВ. ВЛАСН. ПО ДОГОВОРУ УКЛАДЕНОМУ В ТСЦ,08/03/2022 00:00:00,12294,ТСЦ 8045,БОГДАН,211010,Y6L211010CL234919,01/01/2012 00:00:00,СІРИЙ,ЛЕГКОВИЙ,СЕДАН,ЗАГАЛЬНИЙ,БЕНЗИН АБО ГАЗ,1596,1060,1495,КА5576ІН
42,P,2110100000,315,ПЕРЕРЕЄСТРАЦІЯ ТЗ НА НОВ. ВЛАСН. ПО ДОГОВОРУ УКЛАДЕНОМУ В ТСЦ,10/21/2022 00:00:00,12261,ТСЦ 2141,KIA,CERATO,Y6LFE22727L006033,01/01/2007 00:00:00,СИНІЙ,ЛЕГКОВИЙ,СЕДАН,ЗАГАЛЬНИЙ,БЕНЗИН АБО ГАЗ,1591,1320,1740,АО2201НР
43,P,8038600000,315,ПЕРЕРЕЄСТРАЦІЯ ТЗ НА НОВ. ВЛАСН. ПО ДОГОВОРУ УКЛАДЕНОМУ В ТСЦ,01/06/2022 00:00:00,12290,ТСЦ 8041,SKODA,FABIA,TMBEH15J4DB500100,01/01/2012 00:00:00,БІЛИЙ,ЛЕГКОВИЙ,ХЕТЧБЕК,ЗАГАЛЬНИЙ,БЕНЗИН,1198,1095,1550,КА1120НА
44,P,5110137600,315,ПЕРЕРЕЄСТРАЦІЯ ТЗ НА НОВ. ВЛАСН. ПО ДОГОВОРУ УКЛАДЕНОМУ В ТСЦ,01/18/2022 00:00:00,13362,ТСЦ 5150,VOLVO,S40,YV1MS434BC2577289,01/01/2012 00:00:00,БІЛИЙ,ЛЕГКОВИЙ,СЕДАН,ЗАГАЛЬНИЙ,БЕНЗИН АБО ГАЗ,1999,1477,1880,ВН0674РО
45,P,7322580501,315,ПЕРЕРЕЄСТРАЦІЯ ТЗ НА НОВ. ВЛАСН. ПО ДОГОВОРУ УКЛАДЕНОМУ В ТСЦ,04/06/2022 00:00:00,12389,ТСЦ 7342,TOYOTA,LAND CRUISER,JTEHT05J302026099,01/01/2002 00:00:00,СІРИЙ,ЛЕГКОВИЙ,УНІВЕРСАЛ,ЗАГАЛЬНИЙ,БЕНЗИН АБО ГАЗ,4700,2380,3260,СЕ5481ЕС
46,P,6824286401,315,ПЕРЕРЕЄСТРАЦІЯ ТЗ НА НОВ. ВЛАСН. ПО ДОГОВОРУ УКЛАДЕНОМУ В ТСЦ,08/27/2022 00:00:00,12374,ТСЦ 6844,VOLKSWAGEN,TRANSPORTER,WV1ZZZ70ZYH065131,01/01/1999 00:00:00,БІЛИЙ,ЛЕГКОВИЙ,ПАСАЖИРСЬКИЙ,ЗАГАЛЬНИЙ,ДИЗЕЛЬНЕ ПАЛИВО,2461,1625,3025,ВХ5963НІ
47,P,6125089202,315,ПЕРЕРЕЄСТРАЦІЯ ТЗ НА НОВ. ВЛАСН. ПО ДОГОВОРУ УКЛАДЕНОМУ В ТСЦ,08/10/2022 00:00:00,12353,ТСЦ 6145,VOLKSWAGEN,CADDY,WV1ZZZ2KZ5X037611,01/01/2004 00:00:00,СІРИЙ,ЛЕГКОВИЙ,ПАСАЖИРСЬКИЙ,ЗАГАЛЬНИЙ,ДИЗЕЛЬНЕ ПАЛИВО,1896,1550,2235,ВО5346ЕН
48,P,7323082801,254,НАЛЕЖНИЙ КОРИСТУВАЧ. РЕЄСТРАЦІЯ,02/18/2022 00:00:00,10000,OLD_ДДАІ МВС УКРАЇНИ,BMW,X5,5UXZW0C50BL661556,01/01/2011 00:00:00,ЧОРНИЙ,ЛЕГКОВИЙ,УНІВЕРСАЛ,ЗАГАЛЬНИЙ,ДИЗЕЛЬНЕ ПАЛИВО,2996,2070,2840,КА6626АМ
49,P,8036100000,308,ПЕРЕРЕЄСТРАЦІЯ НА НОВОГО ВЛАСНИКА ЗА ДОГ. КУПIВЛI-ПРОДАЖУ (СГ),12/09/2022 00:00:00,12295,ТСЦ 8046,BENTLEY,CONTINENTAL,SCBCE63W95C028292,01/01/2005 00:00:00,ЧОРНИЙ,ЛЕГКОВИЙ,КУПЕ,ЗАГАЛЬНИЙ,БЕНЗИН,5998,2385,2800,АА0003АО
50,P,8038900000,315,ПЕРЕРЕЄСТРАЦІЯ ТЗ НА НОВ. ВЛАСН. ПО ДОГОВОРУ УКЛАДЕНОМУ В ТСЦ,08/29/2022 00:00:00,12296,ТСЦ 8047,LEXUS,RX 400H,JTJHW31U282853100,01/01/2008 00:00:00,ЧОРНИЙ,ЛЕГКОВИЙ,УНІВЕРСАЛ,ЗАГАЛЬНИЙ,ЕЛЕКТРО АБО БЕНЗИН,3311,1980,2800,КА2509НО
51,P,3210700000,315,ПЕРЕРЕЄСТРАЦІЯ ТЗ НА НОВ. ВЛАСН. ПО ДОГОВОРУ УКЛАДЕНОМУ В ТСЦ,10/04/2022 00:00:00,12296,ТСЦ 8047,KIA,OPTIMA,KNAGN411BC5221349,01/01/2011 00:00:00,СІРИЙ,ЛЕГКОВИЙ,СЕДАН,ЗАГАЛЬНИЙ,БЕНЗИН АБО ГАЗ,1998,1529,2000,КА4374ІС
52,P,525384201,308,ПЕРЕРЕЄСТРАЦІЯ НА НОВОГО ВЛАСНИКА ЗА ДОГ. КУПIВЛI-ПРОДАЖУ (СГ),11/01/2022 00:00:00,12284,ТСЦ 3245,KIA,OPTIMA,KNAGN411BC5221349,01/01/2011 00:00:00,СІРИЙ,ЛЕГКОВИЙ,СЕДАН,ЗАГАЛЬНИЙ,БЕНЗИН АБО ГАЗ,1998,1529,2000,АІ2755ОТ
53,P,6810400000,560,ЗНЯТТЯ З ОБЛІКУ ПРИ ПОВЕРНЕННІ ІЗ ПОЇЗДКИ ЗА КОРДОН ПО ДОРУЧ.,10/19/2022 00:00:00,12373,ТСЦ 6843,HYUNDAI,SANTA FE,KMHSH81XCCU893968,01/01/2012 00:00:00,СІРИЙ,ЛЕГКОВИЙ,УНІВЕРСАЛ,ЗАГАЛЬНИЙ,ДИЗЕЛЬНЕ ПАЛИВО,2199,1725,2505,ВХ9229ВН
54,P,6822110100,404,"ПЕРЕРЕЄСТРАЦІЯ ТЗ, В ЗВ’ЯЗКУ ІЗ НАНЕСЕННЯ СПЕЦІАЛЬНИХ ІНДИВІДУАЛЬНИХ НОМЕРІВ АБО ДУБЛЮВАННЯ №КУЗОВА",01/08/2022 00:00:00,12375,ТСЦ 6845,CITROEN,JUMPER,VF7ZBPMNC17545941,01/01/2004 00:00:00,ЧОРНИЙ,ВАНТАЖНИЙ,ФУРГОН,СПЕЦІАЛІЗОВАНИЙ,ДИЗЕЛЬНЕ ПАЛИВО,2800,1950,3300,ВХ9902ВН
55,P,510100000,315,ПЕРЕРЕЄСТРАЦІЯ ТЗ НА НОВ. ВЛАСН. ПО ДОГОВОРУ УКЛАДЕНОМУ В ТСЦ,07/11/2022 00:00:00,12229,ТСЦ 0541,RENAULT,DUSTER,VF1HSRC8546826856,01/01/2012 00:00:00,БІЛИЙ,ЛЕГКОВИЙ,УНІВЕРСАЛ,ЗАГАЛЬНИЙ,БЕНЗИН,1598,1235,1710,АВ9007ІС
56,P,6822487405,254,НАЛЕЖНИЙ КОРИСТУВАЧ. РЕЄСТРАЦІЯ,09/02/2022 00:00:00,10000,OLD_ДДАІ МВС УКРАЇНИ,SABUR,SB50Q,L2BB02A11BB910043,01/01/2011 00:00:00,ЧОРНИЙ,МОТОЦИКЛ,МОТОЦИКЛ,ЗАГАЛЬНИЙ,БЕНЗИН,72,70,240,ВХ2158АА
57,J,6810600000,540,ЗНЯТТЯ З ОБЛІКУ У ЗВ`ЯЗКУ З ВИБРАКОВКОЮ,12/30/2022 00:00:00,12375,ТСЦ 6845,САЗ,3507,1218109,01/01/1989 00:00:00,СИНІЙ,ВАНТАЖНИЙ,САМОСКИД,СПЕЦІАЛЬНИЙ,БЕНЗИН АБО ГАЗ,4250,2962,5300,
58,P,1210100000,315,ПЕРЕРЕЄСТРАЦІЯ ТЗ НА НОВ. ВЛАСН. ПО ДОГОВОРУ УКЛАДЕНОМУ В ТСЦ,08/11/2022 00:00:00,12241,ТСЦ 1242,LEXUS,GX 470,JTJBT20X140063569,01/01/2004 00:00:00,КОРИЧНЕВИЙ,ЛЕГКОВИЙ,УНІВЕРСАЛ,ЗАГАЛЬНИЙ,БЕНЗИН,4700,2050,2790,АЕ1002ТК
59,P,3210600000,254,НАЛЕЖНИЙ КОРИСТУВАЧ. РЕЄСТРАЦІЯ,02/11/2022 00:00:00,10000,OLD_ДДАІ МВС УКРАЇНИ,KIA,CERATO,KNAFW612BC5619447,01/01/2012 00:00:00,БІЛИЙ,ЛЕГКОВИЙ,КУПЕ,ЗАГАЛЬНИЙ,БЕНЗИН,1998,1252,1680,АІ1614РТ
60,P,4611800000,250,"ВИДАЧА ТИМЧАСОВОГО РЕЄСТР ТАЛОНУ ПО ДОРУЧЕННЮ ЧИ ІНШОГО ДОКУМ.ПРАВОКОРИСТУВАННЯ ",12/08/2022 00:00:00,12312,ТСЦ 4646,VOLKSWAGEN,LT 55,WV2ZZZ21ZNH009273,01/01/1992 00:00:00,ЗЕЛЕНИЙ,АВТОБУС,АВТОБУС,ЗАГАЛЬНИЙ,ДИЗЕЛЬНЕ ПАЛИВО,2383,3560,5650,ВС6418ЕМ
61,P,7124988701,308,ПЕРЕРЕЄСТРАЦІЯ НА НОВОГО ВЛАСНИКА ЗА ДОГ. КУПIВЛI-ПРОДАЖУ (СГ),01/28/2022 00:00:00,12298,ТСЦ 3541,MERCEDES-BENZ,VITO 110 D,VSA63809413262824,01/01/2000 00:00:00,СІРИЙ,ВАНТАЖНИЙ,ФУРГОН,СПЕЦІАЛІЗОВАНИЙ,ДИЗЕЛЬНЕ ПАЛИВО,2148,1740,2700,ВА1593ЕТ
62,J,8039100000,319,ПЕРЕРЕЄСТРАЦІЯ ТЗ НА НОВОГО ВЛАСНИКА ЗА АКТОМ ПРИЙОМУ-ПЕРЕДАЧІ,01/06/2022 00:00:00,12371,ТСЦ 6841,SKODA,OCTAVIA,TMBDE01U74B012452,01/01/2004 00:00:00,БІЛИЙ,ЛЕГКОВИЙ,ХЕТЧБЕК,ЗАГАЛЬНИЙ,БЕНЗИН,1984,1200,1820,ВХ4667НЕ
63,P,1811000000,315,ПЕРЕРЕЄСТРАЦІЯ ТЗ НА НОВ. ВЛАСН. ПО ДОГОВОРУ УКЛАДЕНОМУ В ТСЦ,10/18/2022 00:00:00,12257,ТСЦ 1844,CITROEN,JUMPY,VF7BYRHXB86097498,01/01/2004 00:00:00,БІЛИЙ,ЛЕГКОВИЙ,ПАСАЖИРСЬКИЙ,ЗАГАЛЬНИЙ,ДИЗЕЛЬНЕ ПАЛИВО,1997,1401,2330,АМ2695НІ
64,P,3210500000,315,ПЕРЕРЕЄСТРАЦІЯ ТЗ НА НОВ. ВЛАСН. ПО ДОГОВОРУ УКЛАДЕНОМУ В ТСЦ,08/26/2022 00:00:00,12295,ТСЦ 8046,VOLKSWAGEN,TIGUAN,WVGZZZ5NZCW571720,01/01/2012 00:00:00,ЧОРНИЙ,ЛЕГКОВИЙ,УНІВЕРСАЛ,ЗАГАЛЬНИЙ,БЕНЗИН,1984,1563,2260,КА0792НІ
65,P,4610100000,340,ПЕРЕРЕЄСТРАЦIЯ У ЗВ`ЯЗКУ ЗI ЗМIНОЮ АНКЕТНИХ ДАНИХ ВЛАСНИКА(БЕЗ ЗМІНИ РЕГІОНУ РЕЄСТРАЦІЇ),11/30/2022 00:00:00,14147,ТСЦ 4649,SEAT,LEON,VSSZZZ1PZBR076932,01/01/2011 00:00:00,БІЛИЙ,ЛЕГКОВИЙ,ХЕТЧБЕК,ЗАГАЛЬНИЙ,БЕНЗИН,1390,1302,1819,ВС8631ЕІ
66,P,3220489501,315,ПЕРЕРЕЄСТРАЦІЯ ТЗ НА НОВ. ВЛАСН. ПО ДОГОВОРУ УКЛАДЕНОМУ В ТСЦ,01/11/2022 00:00:00,12281,ТСЦ 3242,VOLKSWAGEN,TRANSPORTER,WV1ZZZ7HZ7H072958,01/01/2007 00:00:00,БІЛИЙ,ЛЕГКОВИЙ,ПАСАЖИРСЬКИЙ,ЗАГАЛЬНИЙ,ДИЗЕЛЬНЕ ПАЛИВО,1896,1890,2800,АІ7077СМ
67,P,7110100000,322,ПЕРЕРЕЄСТРАЦIЯ ТЗ НА НОВ. ВЛАС. ПО УСПАДКУВАННЮ ЗА ЗАКОНОМ ЧИ ЗНЯТТЯМ З ОБЛІКУ В ОРГАНАХ СОЦЗАХИСТУ,10/14/2022 00:00:00,12377,ТСЦ 7141,SKODA,SUPERB,TMBAL63U189008547,01/01/2007 00:00:00,СІРИЙ,ЛЕГКОВИЙ,СЕДАН,ЗАГАЛЬНИЙ,БЕНЗИН,1781,1567,2069,СА3222ВН
68,P,5623410100,401,ПЕРЕРЕЄСТРАЦІЯ ТЗ ПРИ ПЕРЕОБЛ.І ІЗ ЗАМ.КУЗОВА(ШАСІ) ЗА ПОГОДЖЕННЯМ,10/18/2022 00:00:00,12235,ТСЦ 0741,MERCEDES-BENZ,SPRINTER 616 CDI,WDB6114681P267967,01/01/2005 00:00:00,БІЛИЙ,ВАНТАЖНИЙ,ФУРГОН (З ГІДРОБОРТОМ),СПЕЦІАЛІЗОВАНИЙ,ДИЗЕЛЬНЕ ПАЛИВО,2900,3200,5990,АВ0664КА
69,P,1825285801,315,ПЕРЕРЕЄСТРАЦІЯ ТЗ НА НОВ. ВЛАСН. ПО ДОГОВОРУ УКЛАДЕНОМУ В ТСЦ,12/24/2022 00:00:00,12254,ТСЦ 1841,TOYOTA,HIGHLANDER,JTEES42A902203269,01/01/2012 00:00:00,ЧОРНИЙ,ЛЕГКОВИЙ,УНІВЕРСАЛ,ЗАГАЛЬНИЙ,БЕНЗИН АБО ГАЗ,3456,2062,2720,КІ0700ВІ
70,P,1413270600,254,НАЛЕЖНИЙ КОРИСТУВАЧ. РЕЄСТРАЦІЯ,02/19/2022 00:00:00,10000,OLD_ДДАІ МВС УКРАЇНИ,CHEVROLET,LACETTI,KL1NF486E7K627086,01/01/2007 00:00:00,СИНІЙ,ЛЕГКОВИЙ,ХЕТЧБЕК,ЗАГАЛЬНИЙ,БЕНЗИН АБО ГАЗ,1598,1378,1650,АН6204КР
71,P,8036600000,254,НАЛЕЖНИЙ КОРИСТУВАЧ. РЕЄСТРАЦІЯ,09/20/2022 00:00:00,10000,OLD_ДДАІ МВС УКРАЇНИ,CITROEN,C4,VF7NC9HR8CY579476,01/01/2012 00:00:00,СИНІЙ,ЛЕГКОВИЙ,ХЕТЧБЕК,ЗАГАЛЬНИЙ,ДИЗЕЛЬНЕ ПАЛИВО,1560,1205,1825,АА5462РВ
72,P,2110100000,254,НАЛЕЖНИЙ КОРИСТУВАЧ. РЕЄСТРАЦІЯ,09/03/2022 00:00:00,10000,OLD_ДДАІ МВС УКРАЇНИ,YAMAHA,DRAG STAR,4TR105742,01/01/1998 00:00:00,ЧЕРВОНИЙ,МОТОЦИКЛ,МОТОЦИКЛ,ЗАГАЛЬНИЙ,БЕНЗИН,398,235,350,АО0026АВ
73,P,7310100000,320,ПЕРЕРЕЄСТРАЦIЯ НА НОВ. ВЛАС. ЗА ДОГ. ДАРУВАННЯ (ОФОРМЛЕНО НОТАРІАЛЬНО),07/20/2022 00:00:00,12388,ТСЦ 7341,HYUNDAI,I30,TMADB81DACJ094626,01/01/2012 00:00:00,СІРИЙ,ЛЕГКОВИЙ,УНІВЕРСАЛ,ЗАГАЛЬНИЙ,БЕНЗИН АБО ГАЗ,1591,1361,1820,СЕ1528ВО
74,P,7310100000,315,ПЕРЕРЕЄСТРАЦІЯ ТЗ НА НОВ. ВЛАСН. ПО ДОГОВОРУ УКЛАДЕНОМУ В ТСЦ,04/30/2022 00:00:00,12371,ТСЦ 6841,PEUGEOT,107,VF3PNCFB0CR004444,01/01/2012 00:00:00,СИНІЙ,ЛЕГКОВИЙ,ХЕТЧБЕК,ЗАГАЛЬНИЙ,БЕНЗИН,998,840,1190,ВХ7380НН
75,P,6822487101,402,"ПЕРЕРЕЄСТРАЦІЯ ТЗ ПРИ ПЕРЕОБЛI.(ЗАМІНА ТИПУ, ПОТУЖ. ДВИГ.)ЗА ПОГОДЖЕННЯМ",11/17/2022 00:00:00,12373,ТСЦ 6843,БАЗ,А079.23,Y7FA0792360002547,01/01/2006 00:00:00,БІЛИЙ,АВТОБУС,АВТОБУС,ЗАГАЛЬНИЙ,ДИЗЕЛЬНЕ ПАЛИВО,4580,5580,7730,ВХ8770ВН
76,P,3221485803,315,ПЕРЕРЕЄСТРАЦІЯ ТЗ НА НОВ. ВЛАСН. ПО ДОГОВОРУ УКЛАДЕНОМУ В ТСЦ,07/26/2022 00:00:00,12380,ТСЦ 7144,GEELY,MAPLE,LJU8844S8CS019434,01/01/2012 00:00:00,ЧОРНИЙ,ЛЕГКОВИЙ,СЕДАН,ЗАГАЛЬНИЙ,БЕНЗИН АБО ГАЗ,1792,1240,1610,СА6228ІР
77,P,6822487101,315,ПЕРЕРЕЄСТРАЦІЯ ТЗ НА НОВ. ВЛАСН. ПО ДОГОВОРУ УКЛАДЕНОМУ В ТСЦ,04/05/2022 00:00:00,12373,ТСЦ 6843,OPEL,COMBO,W0L0XCF2543032666,01/01/2004 00:00:00,БІЛИЙ,ЛЕГКОВИЙ,ПАСАЖИРСЬКИЙ,ЗАГАЛЬНИЙ,ДИЗЕЛЬНЕ ПАЛИВО,1700,1380,1965,ВХ1730НЕ
78,P,6510700000,308,ПЕРЕРЕЄСТРАЦІЯ НА НОВОГО ВЛАСНИКА ЗА ДОГ. КУПIВЛI-ПРОДАЖУ (СГ),01/20/2022 00:00:00,12369,ТСЦ 6545,NETAM,NEFO-1155,XMH0NCR00SNF42763,01/01/1995 00:00:00,СІРИЙ,НАПІВПРИЧІП,Н/ПР-БОРТОВИЙ-ТЕНТОВАНИЙ,ЗАГАЛЬНИЙ,,0,9050,39000,ВТ3919ХО
79,P,5123755800,315,ПЕРЕРЕЄСТРАЦІЯ ТЗ НА НОВ. ВЛАСН. ПО ДОГОВОРУ УКЛАДЕНОМУ В ТСЦ,07/19/2022 00:00:00,13362,ТСЦ 5150,BMW,X5,WBAFB51030LU56246,01/01/2005 00:00:00,СІРИЙ,ЛЕГКОВИЙ,УНІВЕРСАЛ,ЗАГАЛЬНИЙ,БЕНЗИН АБО ГАЗ,4398,1631,2700,ВН0204РР
80,P,3210700000,329,ПЕРЕРЕЄСТРАЦІЯ ТЗ ЗА ДОГОВОРОМ ФІНАНСОВОГО ЛІЗИНГУ ТА ДКП ПРЕДМЕТА ЛІЗИНГУ,08/09/2022 00:00:00,12296,ТСЦ 8047,TOYOTA,SEQUOIA,5TDBY67A48S012762,01/01/2008 00:00:00,СІРИЙ,ЛЕГКОВИЙ,УНІВЕРСАЛ,ЗАГАЛЬНИЙ,БЕНЗИН АБО ГАЗ,5663,2595,3300,КА9286ІЕ
81,P,8038500000,254,НАЛЕЖНИЙ КОРИСТУВАЧ. РЕЄСТРАЦІЯ,10/16/2022 00:00:00,10000,OLD_ДДАІ МВС УКРАЇНИ,CITROEN,C4,VF7NC9HJCCY577576,01/01/2012 00:00:00,БІЛИЙ,ЛЕГКОВИЙ,ХЕТЧБЕК,ЗАГАЛЬНИЙ,ДИЗЕЛЬНЕ ПАЛИВО,1560,1248,1712,КА3997ВО
82,P,8038500000,284,НАЛЕЖНИЙ КОРИСТУВАЧ. ВИКЛЮЧЕННЯ ВІДОМОСТЕЙ,12/30/2022 00:00:00,10000,OLD_ДДАІ МВС УКРАЇНИ,CITROEN,C4,VF7NC9HJCCY577576,01/01/2012 00:00:00,БІЛИЙ,ЛЕГКОВИЙ,ХЕТЧБЕК,ЗАГАЛЬНИЙ,ДИЗЕЛЬНЕ ПАЛИВО,1560,1248,1712,КА3997ВО
83,P,1410100000,410,ПЕРЕРЕЄСТРАЦІЯ ПРИ ЗАМІНІ НОМЕРНОГО ЗНАКУ,05/31/2022 00:00:00,12321,ТСЦ 5141,FORD,FIESTA,WF0JXXGAJJCD32353,01/01/2012 00:00:00,ЧЕРВОНИЙ,ЛЕГКОВИЙ,ХЕТЧБЕК,ЗАГАЛЬНИЙ,ДИЗЕЛЬНЕ ПАЛИВО,1399,1241,1540,ВН9403РЕ
84,P,2312500000,315,ПЕРЕРЕЄСТРАЦІЯ ТЗ НА НОВ. ВЛАСН. ПО ДОГОВОРУ УКЛАДЕНОМУ В ТСЦ,01/05/2022 00:00:00,12272,ТСЦ 2346,AUDI,Q5,WAUZZZ8RXBA108012,01/01/2011 00:00:00,КОРИЧНЕВИЙ,ЛЕГКОВИЙ,УНІВЕРСАЛ,ЗАГАЛЬНИЙ,БЕНЗИН,1984,1830,2365,АР1202ІТ
85,P,510900000,315,ПЕРЕРЕЄСТРАЦІЯ ТЗ НА НОВ. ВЛАСН. ПО ДОГОВОРУ УКЛАДЕНОМУ В ТСЦ,10/08/2022 00:00:00,12233,ТСЦ 0545,CITROEN,JUMPY,VF7ZARMFA17166964,01/01/2003 00:00:00,ЧЕРВОНИЙ,ЛЕГКОВИЙ,ВАНТАЖОПАСАЖИРСЬКИЙ,ЗАГАЛЬНИЙ,ДИЗЕЛЬНЕ ПАЛИВО,2197,1630,2900,АВ2355КА
86,P,8039100000,254,НАЛЕЖНИЙ КОРИСТУВАЧ. РЕЄСТРАЦІЯ,11/18/2022 00:00:00,10000,OLD_ДДАІ МВС УКРАЇНИ,NISSAN,X-TRAIL,JN1TBNT31U0015500,01/01/2008 00:00:00,БІЛИЙ,ЛЕГКОВИЙ,УНІВЕРСАЛ,ЗАГАЛЬНИЙ,БЕНЗИН АБО ГАЗ,2184,1530,2000,АА6164МЕ
87,P,2624884401,308,ПЕРЕРЕЄСТРАЦІЯ НА НОВОГО ВЛАСНИКА ЗА ДОГ. КУПIВЛI-ПРОДАЖУ (СГ),11/09/2022 00:00:00,12276,ТСЦ 2641,TOYOTA,CAMRY,JTNBE40K303178787,01/01/2008 00:00:00,ЧОРНИЙ,ЛЕГКОВИЙ,СЕДАН,ЗАГАЛЬНИЙ,БЕНЗИН АБО ГАЗ,2362,1590,1985,АТ1282НР
88,P,4610100000,315,ПЕРЕРЕЄСТРАЦІЯ ТЗ НА НОВ. ВЛАСН. ПО ДОГОВОРУ УКЛАДЕНОМУ В ТСЦ,08/17/2022 00:00:00,12371,ТСЦ 6841,RENAULT,KANGOO,VF1FW0BC541420258,01/01/2009 00:00:00,БІЛИЙ,ЛЕГКОВИЙ,ПАСАЖИРСЬКИЙ,ЗАГАЛЬНИЙ,ДИЗЕЛЬНЕ ПАЛИВО,1461,1330,2077,ВХ9770НН
89,P,4625587202,340,ПЕРЕРЕЄСТРАЦIЯ У ЗВ`ЯЗКУ ЗI ЗМIНОЮ АНКЕТНИХ ДАНИХ ВЛАСНИКА(БЕЗ ЗМІНИ РЕГІОНУ РЕЄСТРАЦІЇ),11/04/2022 00:00:00,12307,ТСЦ  4641,AUDI,Q5,WAUZZZ8R0CA117402,01/01/2012 00:00:00,БІЛИЙ,ЛЕГКОВИЙ,УНІВЕРСАЛ,ЗАГАЛЬНИЙ,ДИЗЕЛЬНЕ ПАЛИВО,1968,1873,2430,ВС6530НС
90,P,8036100000,315,ПЕРЕРЕЄСТРАЦІЯ ТЗ НА НОВ. ВЛАСН. ПО ДОГОВОРУ УКЛАДЕНОМУ В ТСЦ,11/09/2022 00:00:00,12383,ТСЦ 7441,DAF,CF 65.250,XLRAE65CC0E603431,01/01/2003 00:00:00,ЧЕРВОНИЙ,ВАНТАЖНИЙ,ФУРГОН,СПЕЦІАЛІЗОВАНИЙ,ДИЗЕЛЬНЕ ПАЛИВО,6240,7500,19000,СВ5447ЕІ
91,P,8036400000,315,ПЕРЕРЕЄСТРАЦІЯ ТЗ НА НОВ. ВЛАСН. ПО ДОГОВОРУ УКЛАДЕНОМУ В ТСЦ,12/09/2022 00:00:00,13960,ТСЦ 8048,MERCEDES-BENZ,S 500,WDD2211941A477516,01/01/2012 00:00:00,ЧОРНИЙ,ЛЕГКОВИЙ,СЕДАН,ЗАГАЛЬНИЙ,БЕНЗИН,4663,2165,2700,КА1075ІС
92,P,6825583203,315,ПЕРЕРЕЄСТРАЦІЯ ТЗ НА НОВ. ВЛАСН. ПО ДОГОВОРУ УКЛАДЕНОМУ В ТСЦ,07/14/2022 00:00:00,12375,ТСЦ 6845,ЗАЗ,VIDA,Y6DSF69Y0C0000483,01/01/2012 00:00:00,ЧОРНИЙ,ЛЕГКОВИЙ,СЕДАН,ЗАГАЛЬНИЙ,БЕНЗИН АБО ГАЗ,1498,1157,1450,ВХ6454НІ
93,P,6810100000,340,ПЕРЕРЕЄСТРАЦIЯ У ЗВ`ЯЗКУ ЗI ЗМIНОЮ АНКЕТНИХ ДАНИХ ВЛАСНИКА(БЕЗ ЗМІНИ РЕГІОНУ РЕЄСТРАЦІЇ),11/12/2022 00:00:00,12371,ТСЦ 6841,HYUNDAI,ELANTRA,KMHDH41CBCU536456,01/01/2012 00:00:00,СІРИЙ,ЛЕГКОВИЙ,СЕДАН,ЗАГАЛЬНИЙ,БЕНЗИН,1591,1305,1800,ВХ6504ЕМ
94,P,7410100000,308,ПЕРЕРЕЄСТРАЦІЯ НА НОВОГО ВЛАСНИКА ЗА ДОГ. КУПIВЛI-ПРОДАЖУ (СГ),01/21/2022 00:00:00,12383,ТСЦ 7441,AUDI,A6,WAUZZZ4AZTN087018,01/01/1996 00:00:00,ЧОРНИЙ,ЛЕГКОВИЙ,УНІВЕРСАЛ,ЗАГАЛЬНИЙ,БЕНЗИН АБО ГАЗ,2598,1685,2140,СВ2987ЕЕ
95,P,7121810100,308,ПЕРЕРЕЄСТРАЦІЯ НА НОВОГО ВЛАСНИКА ЗА ДОГ. КУПIВЛI-ПРОДАЖУ (СГ),01/28/2022 00:00:00,12377,ТСЦ 7141,SKODA,OCTAVIA A5,TMBCA41Z9CB158912,01/01/2012 00:00:00,ЗЕЛЕНИЙ,ЛЕГКОВИЙ,ХЕТЧБЕК,ЗАГАЛЬНИЙ,БЕНЗИН АБО ГАЗ,1595,1279,1880,СА6559ІК
96,J,8039100000,254,НАЛЕЖНИЙ КОРИСТУВАЧ. РЕЄСТРАЦІЯ,02/05/2022 00:00:00,12371,ТСЦ 6841,MAZDA,E 2200,JMZSR8L3200805736,01/01/1998 00:00:00,СІРИЙ,ЛЕГКОВИЙ,ВАНТАЖОПАСАЖИРСЬКИЙ,ЗАГАЛЬНИЙ,ДИЗЕЛЬНЕ ПАЛИВО,2200,1400,2000,ВХ5124ЕР
97,J,6825087201,308,ПЕРЕРЕЄСТРАЦІЯ НА НОВОГО ВЛАСНИКА ЗА ДОГ. КУПIВЛI-ПРОДАЖУ (СГ),07/13/2022 00:00:00,12371,ТСЦ 6841,ЗАЗ,SENS,Y6DTF698KC0298979,01/01/2011 00:00:00,ЗЕЛЕНИЙ,ЛЕГКОВИЙ,СЕДАН,ЗАГАЛЬНИЙ,БЕНЗИН,1299,1070,1400,ВХ4147НІ
98,P,8036400000,315,ПЕРЕРЕЄСТРАЦІЯ ТЗ НА НОВ. ВЛАСН. ПО ДОГОВОРУ УКЛАДЕНОМУ В ТСЦ,12/29/2022 00:00:00,12294,ТСЦ 8045,VOLVO,C30,YV1MK434BC2284846,01/01/2012 00:00:00,БІЛИЙ,ЛЕГКОВИЙ,ХЕТЧБЕК,ЗАГАЛЬНИЙ,БЕНЗИН,1999,1390,1770,КА8801КЕ
99,P,7110136400,315,ПЕРЕРЕЄСТРАЦІЯ ТЗ НА НОВ. ВЛАСН. ПО ДОГОВОРУ УКЛАДЕНОМУ В ТСЦ,09/08/2022 00:00:00,12377,ТСЦ 7141,TOYOTA,RAV4,JTMBE31V20D090931,01/01/2012 00:00:00,КОРИЧНЕВИЙ,ЛЕГКОВИЙ,УНІВЕРСАЛ,ЗАГАЛЬНИЙ,БЕНЗИН АБО ГАЗ,1987,1605,2110,СА5847ІР
100,P,1210100000,308,ПЕРЕРЕЄСТРАЦІЯ НА НОВОГО ВЛАСНИКА ЗА ДОГ. КУПIВЛI-ПРОДАЖУ (СГ),07/08/2022 00:00:00,12241,ТСЦ 1242,PORSCHE,BOXSTER,WP0ZZZ98ZDS100189,01/01/2012 00:00:00,БІЛИЙ,ЛЕГКОВИЙ,КУПЕ,ЗАГАЛЬНИЙ,БЕНЗИН,2706,1425,1625,АЕ2599ТК
101,P,5122786401,315,ПЕРЕРЕЄСТРАЦІЯ ТЗ НА НОВ. ВЛАСН. ПО ДОГОВОРУ УКЛАДЕНОМУ В ТСЦ,02/19/2022 00:00:00,12303,ТСЦ 4442,LAND ROVER,RANGE ROVER SPORT,SALLSAAE4AA234748,01/01/2010 00:00:00,ЧОРНИЙ,ЛЕГКОВИЙ,УНІВЕРСАЛ,ЗАГАЛЬНИЙ,БЕНЗИН,4999,2701,3125,ВН0990АТ
102,P,3222486201,315,ПЕРЕРЕЄСТРАЦІЯ ТЗ НА НОВ. ВЛАСН. ПО ДОГОВОРУ УКЛАДЕНОМУ В ТСЦ,09/17/2022 00:00:00,12285,ТСЦ 3246,CITROEN,C1SX,VF7PNCFB089631102,01/01/2012 00:00:00,СИНІЙ,ЛЕГКОВИЙ,ХЕТЧБЕК,ЗАГАЛЬНИЙ,БЕНЗИН,998,840,1240,АІ3590ОК
103,P,2623684101,308,ПЕРЕРЕЄСТРАЦІЯ НА НОВОГО ВЛАСНИКА ЗА ДОГ. КУПIВЛI-ПРОДАЖУ (СГ),02/11/2022 00:00:00,12278,ТСЦ 2643,BMW,520,WBAHB51080BD55978,01/01/1991 00:00:00,ЗЕЛЕНИЙ,ЛЕГКОВИЙ,СЕДАН,ЗАГАЛЬНИЙ,БЕНЗИН,2000,1400,1800,АТ6922НЕ
104,P,1225655100,400,ПЕРЕРЕЄСТРАЦIЯ ПРИ ПЕРЕОБЛАДНАННI ДЛЯ РОБОТИ НА ГАЗОВОМУ ПАЛЬНОМУ,02/04/2022 00:00:00,12240,ТСЦ 1241,ЗАЗ,LANOS,Y6DTF69Y0C0306818,01/01/2012 00:00:00,БЕЖЕВИЙ,ЛЕГКОВИЙ,СЕДАН,ЗАГАЛЬНИЙ,БЕНЗИН АБО ГАЗ,1498,1120,1400,АЕ3885МА
105,P,510100000,315,ПЕРЕРЕЄСТРАЦІЯ ТЗ НА НОВ. ВЛАСН. ПО ДОГОВОРУ УКЛАДЕНОМУ В ТСЦ,12/10/2022 00:00:00,12229,ТСЦ 0541,SKODA,FABIA,TMBGC46Y243922879,01/01/2003 00:00:00,СИНІЙ,ЛЕГКОВИЙ,УНІВЕРСАЛ,ЗАГАЛЬНИЙ,БЕНЗИН АБО ГАЗ,1984,1310,1615,АВ8573КА
106,P,6810400000,315,ПЕРЕРЕЄСТРАЦІЯ ТЗ НА НОВ. ВЛАСН. ПО ДОГОВОРУ УКЛАДЕНОМУ В ТСЦ,05/06/2022 00:00:00,12373,ТСЦ 6843,KIA,SPORTAGE,KNAPB811DC7177482,01/01/2011 00:00:00,БІЛИЙ,ЛЕГКОВИЙ,УНІВЕРСАЛ,ЗАГАЛЬНИЙ,БЕНЗИН АБО ГАЗ,1998,1476,1950,ВХ3873НВ
107,P,723382401,308,ПЕРЕРЕЄСТРАЦІЯ НА НОВОГО ВЛАСНИКА ЗА ДОГ. КУПIВЛI-ПРОДАЖУ (СГ),05/25/2022 00:00:00,12236,ТСЦ 0742,VOLKSWAGEN,TOUAREG,WVGZZZ7LZ8D016604,01/01/2007 00:00:00,ЧОРНИЙ,ЛЕГКОВИЙ,УНІВЕРСАЛ,ЗАГАЛЬНИЙ,ДИЗЕЛЬНЕ ПАЛИВО,2967,1610,2304,АС6396ЕТ
108,P,5322084609,315,ПЕРЕРЕЄСТРАЦІЯ ТЗ НА НОВ. ВЛАСН. ПО ДОГОВОРУ УКЛАДЕНОМУ В ТСЦ,02/10/2022 00:00:00,13872,ТСЦ 5348,ВАЗ,217030,XTA217030C0355344,01/01/2012 00:00:00,ЧЕРВОНИЙ,ЛЕГКОВИЙ,СЕДАН,ЗАГАЛЬНИЙ,БЕНЗИН АБО ГАЗ,1596,1128,1515,ВІ0616НК
109,P,523084001,340,ПЕРЕРЕЄСТРАЦIЯ У ЗВ`ЯЗКУ ЗI ЗМIНОЮ АНКЕТНИХ ДАНИХ ВЛАСНИКА(БЕЗ ЗМІНИ РЕГІОНУ РЕЄСТРАЦІЇ),08/13/2022 00:00:00,12286,ТСЦ 3247,TOYOTA,LAND CRUISER,JTEHT05J102087435,01/01/2005 00:00:00,ЧОРНИЙ,ЛЕГКОВИЙ,УНІВЕРСАЛ,ЗАГАЛЬНИЙ,БЕНЗИН АБО ГАЗ,4664,2510,3260,АІ9897ОМ
110,P,525386901,315,ПЕРЕРЕЄСТРАЦІЯ ТЗ НА НОВ. ВЛАСН. ПО ДОГОВОРУ УКЛАДЕНОМУ В ТСЦ,10/01/2022 00:00:00,12229,ТСЦ 0541,TOYOTA,CAMRY,4T1BE46K99U332059,01/01/2008 00:00:00,СІРИЙ,ЛЕГКОВИЙ,СЕДАН,ЗАГАЛЬНИЙ,БЕНЗИН АБО ГАЗ,2362,1548,1935,АВ0206ІС
111,P,4622782501,308,ПЕРЕРЕЄСТРАЦІЯ НА НОВОГО ВЛАСНИКА ЗА ДОГ. КУПIВЛI-ПРОДАЖУ (СГ),12/08/2022 00:00:00,12307,ТСЦ  4641,PEUGEOT,EXPERT,VF3XTRHKH64130716,01/01/2007 00:00:00,СІРИЙ,ВАНТАЖНИЙ,ФУРГОН,СПЕЦІАЛІЗОВАНИЙ,ДИЗЕЛЬНЕ ПАЛИВО,1997,1777,2902,ВС1007РІ
112,P,521210103,315,ПЕРЕРЕЄСТРАЦІЯ ТЗ НА НОВ. ВЛАСН. ПО ДОГОВОРУ УКЛАДЕНОМУ В ТСЦ,09/29/2022 00:00:00,12296,ТСЦ 8047,VOLKSWAGEN,POLO,WVWZZZ6RZCY177122,01/01/2012 00:00:00,БІЛИЙ,ЛЕГКОВИЙ,ХЕТЧБЕК,ЗАГАЛЬНИЙ,БЕНЗИН,1390,1029,1620,КА0785ІС
113,J,7124989001,350,ПЕРЕРЕЄСТРАЦIЯ У ЗВ`ЯЗКУ ЗI ЗМIНОЮ НАЗВИ ОРГАНIЗАЦIЇ,10/26/2022 00:00:00,12377,ТСЦ 7141,БОГДАН,А-09202,Y7BA092028B000543,01/01/2008 00:00:00,ЖОВТИЙ,АВТОБУС,АВТОБУС,ЗАГАЛЬНИЙ,ДИЗЕЛЬНЕ ПАЛИВО,4570,5300,8230,СА1107АА
114,P,6822455800,308,ПЕРЕРЕЄСТРАЦІЯ НА НОВОГО ВЛАСНИКА ЗА ДОГ. КУПIВЛI-ПРОДАЖУ (СГ),01/27/2022 00:00:00,12373,ТСЦ 6843,NISSAN,PRIMASTAR,VSKF4ABA5UY554870,01/01/2004 00:00:00,БІЛИЙ,ВАНТАЖНИЙ,ФУРГОН,СПЕЦІАЛІЗОВАНИЙ,ДИЗЕЛЬНЕ ПАЛИВО,1870,1752,2700,ВХ0535НЕ
115,P,5625410100,315,ПЕРЕРЕЄСТРАЦІЯ ТЗ НА НОВ. ВЛАСН. ПО ДОГОВОРУ УКЛАДЕНОМУ В ТСЦ,08/13/2022 00:00:00,12339,ТСЦ 5643,VOLKSWAGEN,PASSAT,WVWZZZ3CZCP073202,01/01/2012 00:00:00,ЧОРНИЙ,ЛЕГКОВИЙ,СЕДАН,ЗАГАЛЬНИЙ,ДИЗЕЛЬНЕ ПАЛИВО,1968,1560,2130,ВК7487НХ
116,P,8038900000,315,ПЕРЕРЕЄСТРАЦІЯ ТЗ НА НОВ. ВЛАСН. ПО ДОГОВОРУ УКЛАДЕНОМУ В ТСЦ,11/22/2022 00:00:00,12293,ТСЦ 8044,TOYOTA,RAV4,JTMBE31V40D081566,01/01/2012 00:00:00,ЧОРНИЙ,ЛЕГКОВИЙ,УНІВЕРСАЛ,ЗАГАЛЬНИЙ,БЕНЗИН,1987,1690,2100,КА1938ІК
117,P,3510100000,254,НАЛЕЖНИЙ КОРИСТУВАЧ. РЕЄСТРАЦІЯ,09/10/2022 00:00:00,10000,OLD_ДДАІ МВС УКРАЇНИ,HYUNDAI,GENESIS COUPE,KMHHT61DBCU084105,01/01/2012 00:00:00,ЧЕРВОНИЙ,ЛЕГКОВИЙ,КУПЕ,ЗАГАЛЬНИЙ,БЕНЗИН,1998,1525,2025,ВА4468АА
118,J,6810100000,350,ПЕРЕРЕЄСТРАЦIЯ У ЗВ`ЯЗКУ ЗI ЗМIНОЮ НАЗВИ ОРГАНIЗАЦIЇ,08/18/2022 00:00:00,12372,ТСЦ 6842,ГАЗ,32213-14,32210060216689,01/01/2005 00:00:00,БІЛИЙ,АВТОБУС,МІКРОАВТОБУС,ЗАГАЛЬНИЙ,БЕНЗИН,2285,2150,3500,ВХ7036НЕ
119,P,522687801,308,ПЕРЕРЕЄСТРАЦІЯ НА НОВОГО ВЛАСНИКА ЗА ДОГ. КУПIВЛI-ПРОДАЖУ (СГ),11/26/2022 00:00:00,12231,ТСЦ 0543,HONDA,CR-V,SHSRE6850BU007511,01/01/2011 00:00:00,КОРИЧНЕВИЙ,ЛЕГКОВИЙ,УНІВЕРСАЛ,ЗАГАЛЬНИЙ,ДИЗЕЛЬНЕ ПАЛИВО,2204,1782,2202,АВ0377ІТ
120,P,3221055600,560,ЗНЯТТЯ З ОБЛІКУ ПРИ ПОВЕРНЕННІ ІЗ ПОЇЗДКИ ЗА КОРДОН ПО ДОРУЧ.,08/10/2022 00:00:00,12285,ТСЦ 3246,SUBARU,OUTBACK,JF1BR9L95BG083939,01/01/2011 00:00:00,СІРИЙ,ЛЕГКОВИЙ,УНІВЕРСАЛ,ЗАГАЛЬНИЙ,БЕНЗИН,2457,1495,2040,АІ3134СО
121,P,1821780401,315,ПЕРЕРЕЄСТРАЦІЯ ТЗ НА НОВ. ВЛАСН. ПО ДОГОВОРУ УКЛАДЕНОМУ В ТСЦ,02/12/2022 00:00:00,12295,ТСЦ 8046,AUDI,Q7,WAUZZZ4L0DD006995,01/01/2012 00:00:00,ЧОРНИЙ,ЛЕГКОВИЙ,УНІВЕРСАЛ,ЗАГАЛЬНИЙ,ДИЗЕЛЬНЕ ПАЛИВО,2967,2418,2950,КА7500НР
122,P,8038900000,308,ПЕРЕРЕЄСТРАЦІЯ НА НОВОГО ВЛАСНИКА ЗА ДОГ. КУПIВЛI-ПРОДАЖУ (СГ),07/20/2022 00:00:00,12285,ТСЦ 3246,BMW,X5,5YMGY0C5XALK25810,01/01/2009 00:00:00,СИНІЙ,ЛЕГКОВИЙ,УНІВЕРСАЛ,ЗАГАЛЬНИЙ,БЕНЗИН,4395,2300,2800,АІ5868ОР
123,P,3210600000,315,ПЕРЕРЕЄСТРАЦІЯ ТЗ НА НОВ. ВЛАСН. ПО ДОГОВОРУ УКЛАДЕНОМУ В ТСЦ,06/15/2022 00:00:00,12294,ТСЦ 8045,BMW,X5,5YMGY0C5XALK25810,01/01/2009 00:00:00,СИНІЙ,ЛЕГКОВИЙ,УНІВЕРСАЛ,ЗАГАЛЬНИЙ,БЕНЗИН,4395,2300,2800,КА1126НЕ
124,P,4823055100,315,ПЕРЕРЕЄСТРАЦІЯ ТЗ НА НОВ. ВЛАСН. ПО ДОГОВОРУ УКЛАДЕНОМУ В ТСЦ,08/29/2022 00:00:00,12378,ТСЦ 7142,ВАЗ,217130,XTA217130C0085895,01/01/2012 00:00:00,ЧЕРВОНИЙ,ЛЕГКОВИЙ,УНІВЕРСАЛ,ЗАГАЛЬНИЙ,БЕНЗИН,1596,1100,1593,СА5389ІР
125,P,6323310100,254,НАЛЕЖНИЙ КОРИСТУВАЧ. РЕЄСТРАЦІЯ,12/03/2022 00:00:00,10000,OLD_ДДАІ МВС УКРАЇНИ,KIA,SPORTAGE,U5YPB815ACL114966,01/01/2011 00:00:00,БІЛИЙ,ЛЕГКОВИЙ,УНІВЕРСАЛ,ЗАГАЛЬНИЙ,ДИЗЕЛЬНЕ ПАЛИВО,1685,1455,1980,АХ2676МН
126,P,2121284401,315,ПЕРЕРЕЄСТРАЦІЯ ТЗ НА НОВ. ВЛАСН. ПО ДОГОВОРУ УКЛАДЕНОМУ В ТСЦ,12/24/2022 00:00:00,12396,ТСЦ 2146,VOLKSWAGEN,CADDY,WV1ZZZ2KZ5X048369,01/01/2004 00:00:00,БІЛИЙ,ЛЕГКОВИЙ,ПАСАЖИРСЬКИЙ,ЗАГАЛЬНИЙ,ДИЗЕЛЬНЕ ПАЛИВО,1896,1406,2235,АО7309НР
127,P,1415000000,315,ПЕРЕРЕЄСТРАЦІЯ ТЗ НА НОВ. ВЛАСН. ПО ДОГОВОРУ УКЛАДЕНОМУ В ТСЦ,04/08/2022 00:00:00,13960,ТСЦ 8048,AUDI,A6,WAUZZZ4G3DN005143,01/01/2012 00:00:00,ЧОРНИЙ,ЛЕГКОВИЙ,СЕДАН,ЗАГАЛЬНИЙ,БЕНЗИН,2773,1645,2150,КА1289НР
128,P,6810100000,315,ПЕРЕРЕЄСТРАЦІЯ ТЗ НА НОВ. ВЛАСН. ПО ДОГОВОРУ УКЛАДЕНОМУ В ТСЦ,07/06/2022 00:00:00,12371,ТСЦ 6841,TOYOTA,COROLLA,SB1KZ28EX0F015696,01/01/2005 00:00:00,СИНІЙ,ЛЕГКОВИЙ,ХЕТЧБЕК,ЗАГАЛЬНИЙ,БЕНЗИН,1587,1010,1490,ВХ7466НІ
129,P,3220683601,315,ПЕРЕРЕЄСТРАЦІЯ ТЗ НА НОВ. ВЛАСН. ПО ДОГОВОРУ УКЛАДЕНОМУ В ТСЦ,07/15/2022 00:00:00,12282,ТСЦ 3243,RENAULT,TRAFIC,VF1FLACA65Y067062,01/01/2004 00:00:00,ЖОВТИЙ,ЛЕГКОВИЙ,ВАНТАЖОПАСАЖИРСЬКИЙ,ЗАГАЛЬНИЙ,ДИЗЕЛЬНЕ ПАЛИВО,1870,1677,2700,АІ3398ОІ
130,P,1210137800,308,ПЕРЕРЕЄСТРАЦІЯ НА НОВОГО ВЛАСНИКА ЗА ДОГ. КУПIВЛI-ПРОДАЖУ (СГ),01/18/2022 00:00:00,12240,ТСЦ 1241,MITSUBISHI,LANCER,JMBSRCS3A5U014469,01/01/2005 00:00:00,СІРИЙ,ЛЕГКОВИЙ,СЕДАН,ЗАГАЛЬНИЙ,БЕНЗИН АБО ГАЗ,1584,1305,1750,АЕ5572ТА
131,P,6810100000,308,ПЕРЕРЕЄСТРАЦІЯ НА НОВОГО ВЛАСНИКА ЗА ДОГ. КУПIВЛI-ПРОДАЖУ (СГ),09/15/2022 00:00:00,12371,ТСЦ 6841,MERCEDES-BENZ,SPRINTER 416 CDI,WDB9046632R871499,01/01/2005 00:00:00,СІРИЙ,ВАНТАЖНИЙ,ФУРГОН РЕФРИЖЕРАТОР,СПЕЦІАЛІЗОВАНИЙ,ДИЗЕЛЬНЕ ПАЛИВО,2686,2300,4600,ВХ9716НЕ
132,P,6810100000,440,ПЕРЕРЕЄСТРАЦIЯ ПРИ ВТРАТІ СВIДОЦТВА ПРО РЕЄСТРАЦIЮ,09/14/2022 00:00:00,12371,ТСЦ 6841,MERCEDES-BENZ,SPRINTER 416 CDI,WDB9046632R871499,01/01/2005 00:00:00,СІРИЙ,ВАНТАЖНИЙ,ФУРГОН РЕФРИЖЕРАТОР,СПЕЦІАЛІЗОВАНИЙ,ДИЗЕЛЬНЕ ПАЛИВО,2686,2300,4600,ВХ9283ВН
133,P,5321681001,315,ПЕРЕРЕЄСТРАЦІЯ ТЗ НА НОВ. ВЛАСН. ПО ДОГОВОРУ УКЛАДЕНОМУ В ТСЦ,08/09/2022 00:00:00,12359,ТСЦ 6345,OPEL,VIVARO,W0LF7BMB67V611484,01/01/2007 00:00:00,БІЛИЙ,ЛЕГКОВИЙ,ПАСАЖИРСЬКИЙ,ЗАГАЛЬНИЙ,ДИЗЕЛЬНЕ ПАЛИВО,1995,1800,2960,АХ2335МН
134,P,7421182001,308,ПЕРЕРЕЄСТРАЦІЯ НА НОВОГО ВЛАСНИКА ЗА ДОГ. КУПIВЛI-ПРОДАЖУ (СГ),10/07/2022 00:00:00,12384,ТСЦ 7442,OPEL,VIVARO,W0LF7BMB67V611484,01/01/2007 00:00:00,БІЛИЙ,ЛЕГКОВИЙ,ПАСАЖИРСЬКИЙ,ЗАГАЛЬНИЙ,ДИЗЕЛЬНЕ ПАЛИВО,1995,1800,2960,СВ9891ЕН
135,P,6810100000,315,ПЕРЕРЕЄСТРАЦІЯ ТЗ НА НОВ. ВЛАСН. ПО ДОГОВОРУ УКЛАДЕНОМУ В ТСЦ,08/24/2022 00:00:00,12374,ТСЦ 6844,NISSAN,X-TRAIL,JN1TBNT31U0302038,01/01/2012 00:00:00,БІЛИЙ,ЛЕГКОВИЙ,УНІВЕРСАЛ,ЗАГАЛЬНИЙ,БЕНЗИН АБО ГАЗ,1997,1750,2050,ВХ2844НН
136,J,7124989001,350,ПЕРЕРЕЄСТРАЦIЯ У ЗВ`ЯЗКУ ЗI ЗМIНОЮ НАЗВИ ОРГАНIЗАЦIЇ,10/26/2022 00:00:00,12377,ТСЦ 7141,БОГДАН,А-09202,Y7BA092027B001612,01/01/2007 00:00:00,ЖОВТИЙ,АВТОБУС,АВТОБУС,ЗАГАЛЬНИЙ,ДИЗЕЛЬНЕ ПАЛИВО,4570,5000,8280,СА0977АА
137,P,1212400000,400,ПЕРЕРЕЄСТРАЦIЯ ПРИ ПЕРЕОБЛАДНАННI ДЛЯ РОБОТИ НА ГАЗОВОМУ ПАЛЬНОМУ,01/29/2022 00:00:00,12246,ТСЦ 1247,ЗАЗ,VIDA,Y6DSF48Y0C0005254,01/01/2012 00:00:00,СИНІЙ,ЛЕГКОВИЙ,ХЕТЧБЕК,ЗАГАЛЬНИЙ,БЕНЗИН АБО ГАЗ,1498,1179,1530,АЕ9673НО
138,P,4610100000,315,ПЕРЕРЕЄСТРАЦІЯ ТЗ НА НОВ. ВЛАСН. ПО ДОГОВОРУ УКЛАДЕНОМУ В ТСЦ,05/24/2022 00:00:00,12307,ТСЦ  4641,NISSAN,JUKE,SJNFBAF15U6246217,01/01/2012 00:00:00,БІЛИЙ,ЛЕГКОВИЙ,ХЕТЧБЕК,ЗАГАЛЬНИЙ,БЕНЗИН,1598,1175,1675,ВС3477ОТ
139,P,6310137500,315,ПЕРЕРЕЄСТРАЦІЯ ТЗ НА НОВ. ВЛАСН. ПО ДОГОВОРУ УКЛАДЕНОМУ В ТСЦ,02/08/2022 00:00:00,12355,ТСЦ 6341,AUDI,100,WAUZZZ4AZPN013272,01/01/1992 00:00:00,СИНІЙ,ЛЕГКОВИЙ,СЕДАН,ЗАГАЛЬНИЙ,БЕНЗИН АБО ГАЗ,2598,1668,1990,АХ8379МА
140,P,4620989001,315,ПЕРЕРЕЄСТРАЦІЯ ТЗ НА НОВ. ВЛАСН. ПО ДОГОВОРУ УКЛАДЕНОМУ В ТСЦ,10/29/2022 00:00:00,12310,ТСЦ 4644,AUDI,100,WAUZZZ4AZPN013272,01/01/1992 00:00:00,СИНІЙ,ЛЕГКОВИЙ,СЕДАН,ЗАГАЛЬНИЙ,БЕНЗИН АБО ГАЗ,2598,1668,1990,ВС3600РВ
141,P,6810100000,400,ПЕРЕРЕЄСТРАЦIЯ ПРИ ПЕРЕОБЛАДНАННI ДЛЯ РОБОТИ НА ГАЗОВОМУ ПАЛЬНОМУ,02/03/2022 00:00:00,12371,ТСЦ 6841,SKODA,OCTAVIA A5,TMBCA41ZXCB158837,01/01/2012 00:00:00,ЧОРНИЙ,ЛЕГКОВИЙ,ХЕТЧБЕК,ЗАГАЛЬНИЙ,БЕНЗИН АБО ГАЗ,1595,1403,1880,ВХ9645ЕІ
142,P,8036400000,254,НАЛЕЖНИЙ КОРИСТУВАЧ. РЕЄСТРАЦІЯ,11/07/2022 00:00:00,10000,OLD_ДДАІ МВС УКРАЇНИ,BMW,X1,WBAVL31000VS12748,01/01/2012 00:00:00,ЧОРНИЙ,ЛЕГКОВИЙ,УНІВЕРСАЛ,ЗАГАЛЬНИЙ,БЕНЗИН,1995,1685,2100,КА5918СТ
143,P,6810100000,308,ПЕРЕРЕЄСТРАЦІЯ НА НОВОГО ВЛАСНИКА ЗА ДОГ. КУПIВЛI-ПРОДАЖУ (СГ),02/11/2022 00:00:00,12374,ТСЦ 6844,CHEVROLET,AVEO,Y6DSF69YE8B102582,01/01/2007 00:00:00,СИНІЙ,ЛЕГКОВИЙ,СЕДАН,ЗАГАЛЬНИЙ,БЕНЗИН АБО ГАЗ,1498,1186,1510,ВХ8475НС
144,P,1210400000,308,ПЕРЕРЕЄСТРАЦІЯ НА НОВОГО ВЛАСНИКА ЗА ДОГ. КУПIВЛI-ПРОДАЖУ (СГ),11/05/2022 00:00:00,12243,ТСЦ 1244,MITSUBISHI,LANCER,JMBSTCY4A9U001351,01/01/2008 00:00:00,ЧЕРВОНИЙ,ЛЕГКОВИЙ,СЕДАН,ЗАГАЛЬНИЙ,БЕНЗИН АБО ГАЗ,1998,1405,1850,АЕ1698ТХ
145,P,8038500000,254,НАЛЕЖНИЙ КОРИСТУВАЧ. РЕЄСТРАЦІЯ,02/09/2022 00:00:00,10000,OLD_ДДАІ МВС УКРАЇНИ,TOYOTA,VENZA,4T3BA3BB6CU029685,01/01/2012 00:00:00,КОРИЧНЕВИЙ,ЛЕГКОВИЙ,УНІВЕРСАЛ,ЗАГАЛЬНИЙ,БЕНЗИН АБО ГАЗ,2672,1835,2340,АА1200ТР
146,P,7124989001,250,"ВИДАЧА ТИМЧАСОВОГО РЕЄСТР ТАЛОНУ ПО ДОРУЧЕННЮ ЧИ ІНШОГО ДОКУМ.ПРАВОКОРИСТУВАННЯ ",11/24/2022 00:00:00,12377,ТСЦ 7141,БОГДАН,А-09202,Y7BA092027B001169,01/01/2007 00:00:00,ЗЕЛЕНИЙ,АВТОБУС,АВТОБУС,ЗАГАЛЬНИЙ,ДИЗЕЛЬНЕ ПАЛИВО,4570,5000,8230,СА0886АА
147,P,8036300000,315,ПЕРЕРЕЄСТРАЦІЯ ТЗ НА НОВ. ВЛАСН. ПО ДОГОВОРУ УКЛАДЕНОМУ В ТСЦ,06/16/2022 00:00:00,12296,ТСЦ 8047,MITSUBISHI,L 200,MMBJRKB408D096199,01/01/2008 00:00:00,ЧОРНИЙ,ЛЕГКОВИЙ,ПІКАП,ЗАГАЛЬНИЙ,ДИЗЕЛЬНЕ ПАЛИВО,2477,1500,2370,КА8178НС
148,P,4623682001,254,НАЛЕЖНИЙ КОРИСТУВАЧ. РЕЄСТРАЦІЯ,11/28/2022 00:00:00,10000,OLD_ДДАІ МВС УКРАЇНИ,CITROEN,C4,VF7NC9HR8CY578026,01/01/2012 00:00:00,БІЛИЙ,ЛЕГКОВИЙ,ХЕТЧБЕК,ЗАГАЛЬНИЙ,ДИЗЕЛЬНЕ ПАЛИВО,1560,1205,1825,ВС7773НТ
149,P,7122888401,315,ПЕРЕРЕЄСТРАЦІЯ ТЗ НА НОВ. ВЛАСН. ПО ДОГОВОРУ УКЛАДЕНОМУ В ТСЦ,09/01/2022 00:00:00,12356,ТСЦ 6342,MERCEDES-BENZ,VITO 115 CDI,WDF63960313478889,01/01/2008 00:00:00,СИНІЙ,ЛЕГКОВИЙ,ПАСАЖИРСЬКИЙ,ЗАГАЛЬНИЙ,ДИЗЕЛЬНЕ ПАЛИВО,2148,1785,2770,АХ1815МК
150,P,2310700000,315,ПЕРЕРЕЄСТРАЦІЯ ТЗ НА НОВ. ВЛАСН. ПО ДОГОВОРУ УКЛАДЕНОМУ В ТСЦ,09/02/2022 00:00:00,12307,ТСЦ  4641,NISSAN,JUKE,SJNFBAF15U6245418,01/01/2012 00:00:00,БІЛИЙ,ЛЕГКОВИЙ,ХЕТЧБЕК,ЗАГАЛЬНИЙ,БЕНЗИН,1598,1255,1680,ВС8968РЕ
151,P,2123681301,315,ПЕРЕРЕЄСТРАЦІЯ ТЗ НА НОВ. ВЛАСН. ПО ДОГОВОРУ УКЛАДЕНОМУ В ТСЦ,11/29/2022 00:00:00,12371,ТСЦ 6841,NISSAN,PATROL,JN10KM160V0844029,01/01/2000 00:00:00,СІРИЙ,ЛЕГКОВИЙ,УНІВЕРСАЛ,ЗАГАЛЬНИЙ,ДИЗЕЛЬНЕ ПАЛИВО,3000,1540,2040,НХ0629АВ
152,P,8036100000,315,ПЕРЕРЕЄСТРАЦІЯ ТЗ НА НОВ. ВЛАСН. ПО ДОГОВОРУ УКЛАДЕНОМУ В ТСЦ,07/19/2022 00:00:00,12293,ТСЦ 8044,MAN,TGA 26.440,WMAH21ZZ87W079173,01/01/2006 00:00:00,БІЛИЙ,ВАНТАЖНИЙ,КОНТЕЙНЕРОВОЗ,СПЕЦІАЛІЗОВАНИЙ,ДИЗЕЛЬНЕ ПАЛИВО,10518,8700,26000,КА7336НО
153,P,5610100000,400,ПЕРЕРЕЄСТРАЦIЯ ПРИ ПЕРЕОБЛАДНАННI ДЛЯ РОБОТИ НА ГАЗОВОМУ ПАЛЬНОМУ,11/15/2022 00:00:00,12337,ТСЦ 5641,TOYOTA,CAMRY,JTNBK40K403031855,01/01/2007 00:00:00,ЧОРНИЙ,ЛЕГКОВИЙ,СЕДАН,ЗАГАЛЬНИЙ,БЕНЗИН АБО ГАЗ,3456,1664,2050,ВК6777АВ
154,P,5122783201,315,ПЕРЕРЕЄСТРАЦІЯ ТЗ НА НОВ. ВЛАСН. ПО ДОГОВОРУ УКЛАДЕНОМУ В ТСЦ,02/23/2022 00:00:00,12326,ТСЦ 5147,NISSAN,TIIDA,3N1FCAC11UK407155,01/01/2007 00:00:00,ЗЕЛЕНИЙ,ЛЕГКОВИЙ,ХЕТЧБЕК,ЗАГАЛЬНИЙ,БЕНЗИН АБО ГАЗ,1598,1300,1715,ВН5819РІ
155,P,4622788801,315,ПЕРЕРЕЄСТРАЦІЯ ТЗ НА НОВ. ВЛАСН. ПО ДОГОВОРУ УКЛАДЕНОМУ В ТСЦ,01/18/2022 00:00:00,12312,ТСЦ 4646,FIAT,SCUDO,ZFA27000064009454,01/01/2006 00:00:00,БІЛИЙ,ЛЕГКОВИЙ,ПАСАЖИРСЬКИЙ,ЗАГАЛЬНИЙ,ДИЗЕЛЬНЕ ПАЛИВО,1560,1736,2661,ВС5629ОЕ
156,P,521682803,410,ПЕРЕРЕЄСТРАЦІЯ ПРИ ЗАМІНІ НОМЕРНОГО ЗНАКУ,02/15/2022 00:00:00,13659,ТСЦ 0546,TOYOTA,LAND CRUISER,JTMHV05J204075166,01/01/2012 00:00:00,СІРИЙ,ЛЕГКОВИЙ,УНІВЕРСАЛ,ЗАГАЛЬНИЙ,ДИЗЕЛЬНЕ ПАЛИВО,4461,2640,3350,АВ9376ІК
157,P,6121683303,315,ПЕРЕРЕЄСТРАЦІЯ ТЗ НА НОВ. ВЛАСН. ПО ДОГОВОРУ УКЛАДЕНОМУ В ТСЦ,08/17/2022 00:00:00,12349,ТСЦ 6141,FIAT,SCUDO,ZFA22000086073052,01/01/2004 00:00:00,БІЛИЙ,ЛЕГКОВИЙ,ВАНТАЖОПАСАЖИРСЬКИЙ,ЗАГАЛЬНИЙ,ДИЗЕЛЬНЕ ПАЛИВО,1997,1525,2325,ВО8125ЕН
158,P,3221810100,308,ПЕРЕРЕЄСТРАЦІЯ НА НОВОГО ВЛАСНИКА ЗА ДОГ. КУПIВЛI-ПРОДАЖУ (СГ),09/21/2022 00:00:00,12290,ТСЦ 8041,CHEVROLET,LACETTI,Y6DNF35BE7K639209,01/01/2007 00:00:00,ЧОРНИЙ,ЛЕГКОВИЙ,УНІВЕРСАЛ,ЗАГАЛЬНИЙ,БЕНЗИН АБО ГАЗ,1799,1350,1650,КА2832ІМ
159,P,8038000000,308,ПЕРЕРЕЄСТРАЦІЯ НА НОВОГО ВЛАСНИКА ЗА ДОГ. КУПIВЛI-ПРОДАЖУ (СГ),11/01/2022 00:00:00,12231,ТСЦ 0543,HYUNDAI,ELANTRA,KMHDU41BP7U194511,01/01/2007 00:00:00,ФІОЛЕТОВИЙ,ЛЕГКОВИЙ,СЕДАН,ЗАГАЛЬНИЙ,БЕНЗИН АБО ГАЗ,1591,1460,1810,АВ3851КА
160,P,6821587001,308,ПЕРЕРЕЄСТРАЦІЯ НА НОВОГО ВЛАСНИКА ЗА ДОГ. КУПIВЛI-ПРОДАЖУ (СГ),06/28/2022 00:00:00,12372,ТСЦ 6842,АМС,750 СТАРКОНЬ,Y9MAMC750C0000083,01/01/2012 00:00:00,СИНІЙ,ПРИЧІП,ПР-БОРТОВИЙ,ЗАГАЛЬНИЙ,,0,245,750,ВХ2466ХF
161,P,6810400000,254,НАЛЕЖНИЙ КОРИСТУВАЧ. РЕЄСТРАЦІЯ,09/10/2022 00:00:00,10000,OLD_ДДАІ МВС УКРАЇНИ,FORD,FOCUS,WF04XXWPD47E15946,01/01/2007 00:00:00,ЧОРНИЙ,ЛЕГКОВИЙ,СЕДАН,ЗАГАЛЬНИЙ,БЕНЗИН АБО ГАЗ,1596,1270,1735,ВХ4160НА
162,P,6810400000,254,НАЛЕЖНИЙ КОРИСТУВАЧ. РЕЄСТРАЦІЯ,09/28/2022 00:00:00,10000,OLD_ДДАІ МВС УКРАЇНИ,FORD,FOCUS,WF04XXWPD47E15946,01/01/2007 00:00:00,ЧОРНИЙ,ЛЕГКОВИЙ,СЕДАН,ЗАГАЛЬНИЙ,БЕНЗИН АБО ГАЗ,1596,1270,1735,ВХ4160НА
163,P,1823186604,315,ПЕРЕРЕЄСТРАЦІЯ ТЗ НА НОВ. ВЛАСН. ПО ДОГОВОРУ УКЛАДЕНОМУ В ТСЦ,10/20/2022 00:00:00,12374,ТСЦ 6844,CHEVROLET,LACETTI,KL1NF196E7K655868,01/01/2007 00:00:00,СІРИЙ,ЛЕГКОВИЙ,СЕДАН,ЗАГАЛЬНИЙ,БЕНЗИН АБО ГАЗ,1598,1055,1505,ВХ4978НК
164,P,5324087702,315,ПЕРЕРЕЄСТРАЦІЯ ТЗ НА НОВ. ВЛАСН. ПО ДОГОВОРУ УКЛАДЕНОМУ В ТСЦ,11/08/2022 00:00:00,12335,ТСЦ 5346,ВАЗ,21093,XTA21093023093926,01/01/2001 00:00:00,СІРИЙ,ЛЕГКОВИЙ,ХЕТЧБЕК,ЗАГАЛЬНИЙ,БЕНЗИН АБО ГАЗ,1499,970,1370,ВІ1774НР
165,P,8039100000,315,ПЕРЕРЕЄСТРАЦІЯ ТЗ НА НОВ. ВЛАСН. ПО ДОГОВОРУ УКЛАДЕНОМУ В ТСЦ,09/09/2022 00:00:00,12292,ТСЦ 8043,BMW,X1,WBAVM91080VT70013,01/01/2012 00:00:00,КОРИЧНЕВИЙ,ЛЕГКОВИЙ,УНІВЕРСАЛ,ЗАГАЛЬНИЙ,БЕНЗИН,1997,1650,2140,АА1100МЕ
166,P,7422055100,308,ПЕРЕРЕЄСТРАЦІЯ НА НОВОГО ВЛАСНИКА ЗА ДОГ. КУПIВЛI-ПРОДАЖУ (СГ),06/02/2022 00:00:00,12371,ТСЦ 6841,FORD,FOCUS,WF05XXGCD57S78549,01/01/2007 00:00:00,ЧОРНИЙ,ЛЕГКОВИЙ,ХЕТЧБЕК,ЗАГАЛЬНИЙ,БЕНЗИН АБО ГАЗ,1596,1312,1650,ВХ6725НЕ
167,P,6825281201,560,ЗНЯТТЯ З ОБЛІКУ ПРИ ПОВЕРНЕННІ ІЗ ПОЇЗДКИ ЗА КОРДОН ПО ДОРУЧ.,04/30/2022 00:00:00,12371,ТСЦ 6841,DAF,XF 95.480,XLRTE47XS0E693675,01/01/2005 00:00:00,БІЛИЙ,ВАНТАЖНИЙ,СІДЛОВИЙ ТЯГАЧ,СПЕЦІАЛІЗОВАНИЙ,ДИЗЕЛЬНЕ ПАЛИВО,12580,7500,18000,ВХ9107ВН
168,P,4610137500,431,ПЕРЕРЕЄСТРАЦІЯ ТЗ ПРИ ВИДАЧІ ІНДИВІДУАЛЬНОГО НОМЕРНОГО ЗНАКУ,02/23/2022 00:00:00,12307,ТСЦ  4641,VOLKSWAGEN,CC,WVWZZZ3CZDE519986,01/01/2012 00:00:00,КОРИЧНЕВИЙ,ЛЕГКОВИЙ,СЕДАН,ЗАГАЛЬНИЙ,БЕНЗИН,1798,1640,2320,КА2669НВ
169,P,7110136700,410,ПЕРЕРЕЄСТРАЦІЯ ПРИ ЗАМІНІ НОМЕРНОГО ЗНАКУ,07/07/2022 00:00:00,12377,ТСЦ 7141,HONDA,DIO 27,AF272359780,01/01/2000 00:00:00,ЧОРНИЙ,МОПЕД,МОПЕД,ЗАГАЛЬНИЙ,БЕНЗИН,49,150,300,СААС0018
170,P,2110100000,254,НАЛЕЖНИЙ КОРИСТУВАЧ. РЕЄСТРАЦІЯ,02/09/2022 00:00:00,10000,OLD_ДДАІ МВС УКРАЇНИ,CHEVROLET,LACETTI,Y6DNA48BE8K311714,01/01/2008 00:00:00,ЧОРНИЙ,ЛЕГКОВИЙ,ХЕТЧБЕК,ЗАГАЛЬНИЙ,БЕНЗИН,1799,1355,1705,АО0192НА
171,P,3525510100,308,ПЕРЕРЕЄСТРАЦІЯ НА НОВОГО ВЛАСНИКА ЗА ДОГ. КУПIВЛI-ПРОДАЖУ (СГ),08/19/2022 00:00:00,12395,ТСЦ 3545,ГАЗ-САЗ,3507,X9633090070923524,01/01/2007 00:00:00,БІЛИЙ,ВАНТАЖНИЙ,САМОСКИД,СПЕЦІАЛІЗОВАНИЙ,ДИЗЕЛЬНЕ ПАЛИВО,4750,3940,7990,ВА7820ЕТ
172,P,1211000000,308,ПЕРЕРЕЄСТРАЦІЯ НА НОВОГО ВЛАСНИКА ЗА ДОГ. КУПIВЛI-ПРОДАЖУ (СГ),02/15/2022 00:00:00,12537,ТСЦ 1248,VOLKSWAGEN,CADDY,WV1ZZZ2KZ8X009190,01/01/2008 00:00:00,БІЛИЙ,ЛЕГКОВИЙ,ПАСАЖИРСЬКИЙ,ЗАГАЛЬНИЙ,БЕНЗИН АБО ГАЗ,1984,1604,2270,АЕ0119ОК
173,P,6810800000,315,ПЕРЕРЕЄСТРАЦІЯ ТЗ НА НОВ. ВЛАСН. ПО ДОГОВОРУ УКЛАДЕНОМУ В ТСЦ,01/04/2022 00:00:00,12374,ТСЦ 6844,BMW,X5,WBAFB71010LX65421,01/01/2006 00:00:00,ЧОРНИЙ,ЛЕГКОВИЙ,УНІВЕРСАЛ,ЗАГАЛЬНИЙ,ДИЗЕЛЬНЕ ПАЛИВО,2979,1990,2600,ВХ6330НС
174,P,6820910100,315,ПЕРЕРЕЄСТРАЦІЯ ТЗ НА НОВ. ВЛАСН. ПО ДОГОВОРУ УКЛАДЕНОМУ В ТСЦ,01/22/2022 00:00:00,12374,ТСЦ 6844,RENAULT,KANGOO,VF1FC07AF31719409,01/01/2004 00:00:00,БІЛИЙ,ЛЕГКОВИЙ,ПАСАЖИРСЬКИЙ,ЗАГАЛЬНИЙ,ДИЗЕЛЬНЕ ПАЛИВО,1461,1130,1675,ВХ8815НС
175,P,3510645300,315,ПЕРЕРЕЄСТРАЦІЯ ТЗ НА НОВ. ВЛАСН. ПО ДОГОВОРУ УКЛАДЕНОМУ В ТСЦ,06/22/2022 00:00:00,12377,ТСЦ 7141,KAWASAKI,ER 500A,JKAER500ABA000858,01/01/1996 00:00:00,СИНІЙ,МОТОЦИКЛ,МОТОЦИКЛ,ЗАГАЛЬНИЙ,БЕНЗИН,499,193,375,СА0587JА
176,P,3522580901,315,ПЕРЕРЕЄСТРАЦІЯ ТЗ НА НОВ. ВЛАСН. ПО ДОГОВОРУ УКЛАДЕНОМУ В ТСЦ,10/06/2022 00:00:00,12298,ТСЦ 3541,KAWASAKI,ER 500A,JKAER500ABA000858,01/01/1996 00:00:00,СИНІЙ,МОТОЦИКЛ,МОТОЦИКЛ,ЗАГАЛЬНИЙ,БЕНЗИН,499,193,375,ВА0642JА
177,P,1424510400,254,НАЛЕЖНИЙ КОРИСТУВАЧ. РЕЄСТРАЦІЯ,11/05/2022 00:00:00,10000,OLD_ДДАІ МВС УКРАЇНИ,RENAULT,MEGANE,VF1BM1B0E36184590,01/01/2006 00:00:00,ЧОРНИЙ,ЛЕГКОВИЙ,ХЕТЧБЕК,ЗАГАЛЬНИЙ,БЕНЗИН,1598,1225,1775,АЕ8590ХА
178,P,5122083401,308,ПЕРЕРЕЄСТРАЦІЯ НА НОВОГО ВЛАСНИКА ЗА ДОГ. КУПIВЛI-ПРОДАЖУ (СГ),10/18/2022 00:00:00,13364,ТСЦ 5151,RENAULT,PREMIUM,VF625GPA000004941,01/01/2008 00:00:00,БІЛИЙ,ВАНТАЖНИЙ,СІДЛОВИЙ ТЯГАЧ,СПЕЦІАЛІЗОВАНИЙ,ДИЗЕЛЬНЕ ПАЛИВО,10837,7600,19000,ВН0442РХ
179,P,6810100000,408,ПЕРЕРЕЄСТРАЦІЯ ПРИ ПЕРЕОБЛАДНАННІ БЕЗ ЗАМІНИ НОМЕРНИХ АГРЕГАТІВ,02/18/2022 00:00:00,12371,ТСЦ 6841,MERCEDES-BENZ,ATEGO 1223,WDB9702781K479621,01/01/2000 00:00:00,СИНІЙ,ВАНТАЖНИЙ,ФУРГОН,ЗАГАЛЬНИЙ,ДИЗЕЛЬНЕ ПАЛИВО,6374,5880,15980,ВХ0550АХ
180,P,1211000000,254,НАЛЕЖНИЙ КОРИСТУВАЧ. РЕЄСТРАЦІЯ,09/15/2022 00:00:00,10000,OLD_ДДАІ МВС УКРАЇНИ,NISSAN,PATHFINDER,VSKJVWR51U0433907,01/01/2011 00:00:00,СІРИЙ,ЛЕГКОВИЙ,УНІВЕРСАЛ,ЗАГАЛЬНИЙ,ДИЗЕЛЬНЕ ПАЛИВО,2488,2225,2880,АЕ2009ЕО
181,P,6121611000,321,ПЕРЕРЕЄСТРАЦIЯ ТЗ НА НОВ. ВЛАС. ПО УСПАДКУВАННЮ ЗА ЗАПОВIТОМ ЧИ УСПАДКОВАНОМУ ДОГОВОРУ,05/25/2022 00:00:00,12353,ТСЦ 6145,RENAULT,TRAFIC,VF1FLBJB6AV379637,01/01/2010 00:00:00,БІЛИЙ,ЛЕГКОВИЙ,ПАСАЖИРСЬКИЙ,ЗАГАЛЬНИЙ,ДИЗЕЛЬНЕ ПАЛИВО,2464,1862,3035,ВО7942ВВ
182,P,5110137500,308,ПЕРЕРЕЄСТРАЦІЯ НА НОВОГО ВЛАСНИКА ЗА ДОГ. КУПIВЛI-ПРОДАЖУ (СГ),02/16/2022 00:00:00,13747,ТСЦ 5152,HYUNDAI,IX35,KMHJU81BDBU183064,01/01/2010 00:00:00,ЧОРНИЙ,ЛЕГКОВИЙ,УНІВЕРСАЛ,ЗАГАЛЬНИЙ,БЕНЗИН АБО ГАЗ,1998,1500,2030,ВН8139РК
183,P,7121284801,315,ПЕРЕРЕЄСТРАЦІЯ ТЗ НА НОВ. ВЛАСН. ПО ДОГОВОРУ УКЛАДЕНОМУ В ТСЦ,07/06/2022 00:00:00,12379,ТСЦ 7143,DAEWOO,NEXIA,XWB3K32CDBA244369,01/01/2011 00:00:00,БЕЖЕВИЙ,ЛЕГКОВИЙ,СЕДАН,ЗАГАЛЬНИЙ,БЕНЗИН АБО ГАЗ,1598,1250,1550,СА2864ІО
184,P,6110100000,400,ПЕРЕРЕЄСТРАЦIЯ ПРИ ПЕРЕОБЛАДНАННI ДЛЯ РОБОТИ НА ГАЗОВОМУ ПАЛЬНОМУ,12/24/2022 00:00:00,12349,ТСЦ 6141,SUBARU,FORESTER,JF1SH5LS59G017753,01/01/2008 00:00:00,СІРИЙ,ЛЕГКОВИЙ,УНІВЕРСАЛ,ЗАГАЛЬНИЙ,БЕНЗИН АБО ГАЗ,1994,1434,1880,ВО2072ЕН
185,P,4623086801,315,ПЕРЕРЕЄСТРАЦІЯ ТЗ НА НОВ. ВЛАСН. ПО ДОГОВОРУ УКЛАДЕНОМУ В ТСЦ,11/23/2022 00:00:00,14147,ТСЦ 4649,FORD,FOCUS,WF0MXXGCBMCC18309,01/01/2012 00:00:00,БІЛИЙ,ЛЕГКОВИЙ,СЕДАН,ЗАГАЛЬНИЙ,БЕНЗИН АБО ГАЗ,1596,1511,2050,ВС3048РА
186,P,5610100000,315,ПЕРЕРЕЄСТРАЦІЯ ТЗ НА НОВ. ВЛАСН. ПО ДОГОВОРУ УКЛАДЕНОМУ В ТСЦ,01/12/2022 00:00:00,12337,ТСЦ 5641,AUDI,A6,WAUZZZ4AZTN020005,01/01/1996 00:00:00,СІРИЙ,ЛЕГКОВИЙ,УНІВЕРСАЛ,ЗАГАЛЬНИЙ,БЕНЗИН АБО ГАЗ,2600,1360,2080,ВК1681НМ
187,P,3222481601,315,ПЕРЕРЕЄСТРАЦІЯ ТЗ НА НОВ. ВЛАСН. ПО ДОГОВОРУ УКЛАДЕНОМУ В ТСЦ,12/16/2022 00:00:00,12296,ТСЦ 8047,LAND ROVER,RANGE ROVER,SALLMAMH4CA389396,01/01/2012 00:00:00,ЧОРНИЙ,ЛЕГКОВИЙ,УНІВЕРСАЛ,ЗАГАЛЬНИЙ,ДИЗЕЛЬНЕ ПАЛИВО,4367,2710,3200,КА0020СМ
188,P,722884803,230,ВИДАЧА СВ. ПРО РЕЄСТР ДЛЯ ПОЇЗДКИ ЗА КОРДОН,09/16/2022 00:00:00,12235,ТСЦ 0741,SCANIA,R500 B,XLER6X20005185370,01/01/2008 00:00:00,СИНІЙ,ВАНТАЖНИЙ,БОРТОВИЙ,ЗАГАЛЬНИЙ,ДИЗЕЛЬНЕ ПАЛИВО,15607,11560,27500,АС3785НЕ
189,P,8036300000,254,НАЛЕЖНИЙ КОРИСТУВАЧ. РЕЄСТРАЦІЯ,09/16/2022 00:00:00,10000,OLD_ДДАІ МВС УКРАЇНИ,MITSUBISHI,OUTLANDER,JMBXTCW4WCU004108,01/01/2012 00:00:00,СІРИЙ,ЛЕГКОВИЙ,УНІВЕРСАЛ,ЗАГАЛЬНИЙ,БЕНЗИН,1998,1535,2070,АА3363ВР
190,J,6821882101,315,ПЕРЕРЕЄСТРАЦІЯ ТЗ НА НОВ. ВЛАСН. ПО ДОГОВОРУ УКЛАДЕНОМУ В ТСЦ,04/05/2022 00:00:00,12372,ТСЦ 6842,RENAULT,TRAFIC,VF1FLBCB65V247218,01/01/2005 00:00:00,ЧЕРВОНИЙ,ЛЕГКОВИЙ,ПАСАЖИРСЬКИЙ,ЗАГАЛЬНИЙ,ДИЗЕЛЬНЕ ПАЛИВО,1870,1800,2700,ВХ1892НЕ
191,P,7325083601,308,ПЕРЕРЕЄСТРАЦІЯ НА НОВОГО ВЛАСНИКА ЗА ДОГ. КУПIВЛI-ПРОДАЖУ (СГ),02/11/2022 00:00:00,12388,ТСЦ 7341,RENAULT,KANGOO,VF1FC0EAF16989596,01/01/1999 00:00:00,БІЛИЙ,ЛЕГКОВИЙ,ПАСАЖИРСЬКИЙ,ЗАГАЛЬНИЙ,ДИЗЕЛЬНЕ ПАЛИВО,1870,1085,1835,СЕ4409ЕС
192,P,4611500000,308,ПЕРЕРЕЄСТРАЦІЯ НА НОВОГО ВЛАСНИКА ЗА ДОГ. КУПIВЛI-ПРОДАЖУ (СГ),07/08/2022 00:00:00,13466,ТСЦ 4648,FIAT,DUCATO,ZFA24400007751720,01/01/2006 00:00:00,БІЛИЙ,ВАНТАЖНИЙ,ФУРГОН,СПЕЦІАЛІЗОВАНИЙ,ДИЗЕЛЬНЕ ПАЛИВО,2286,1913,3300,ВС9264ОХ
193,P,722883601,410,ПЕРЕРЕЄСТРАЦІЯ ПРИ ЗАМІНІ НОМЕРНОГО ЗНАКУ,09/20/2022 00:00:00,12235,ТСЦ 0741,VOLKSWAGEN,TOUAREG,WVGZZZ7LZ8Z000811,01/01/2008 00:00:00,ЧОРНИЙ,ЛЕГКОВИЙ,УНІВЕРСАЛ,ЗАГАЛЬНИЙ,ДИЗЕЛЬНЕ ПАЛИВО,2967,1820,2400,АС4089ЕТ
194,P,4625855300,315,ПЕРЕРЕЄСТРАЦІЯ ТЗ НА НОВ. ВЛАСН. ПО ДОГОВОРУ УКЛАДЕНОМУ В ТСЦ,07/13/2022 00:00:00,12307,ТСЦ  4641,FIAT,DOBLO,ZFA22300005471573,01/01/2007 00:00:00,ЗЕЛЕНИЙ,ЛЕГКОВИЙ,ПАСАЖИРСЬКИЙ,ЗАГАЛЬНИЙ,ДИЗЕЛЬНЕ ПАЛИВО,1910,1256,2010,ВС6885ОХ
195,P,5122781501,315,ПЕРЕРЕЄСТРАЦІЯ ТЗ НА НОВ. ВЛАСН. ПО ДОГОВОРУ УКЛАДЕНОМУ В ТСЦ,12/13/2022 00:00:00,12322,ТСЦ 5142,MITSUBISHI,OUTLANDER,JMBXRCU5W4U004004,01/01/2004 00:00:00,ЧЕРВОНИЙ,ЛЕГКОВИЙ,УНІВЕРСАЛ,ЗАГАЛЬНИЙ,БЕНЗИН АБО ГАЗ,2378,1580,2070,ВН8658РХ
196,P,2625682901,308,ПЕРЕРЕЄСТРАЦІЯ НА НОВОГО ВЛАСНИКА ЗА ДОГ. КУПIВЛI-ПРОДАЖУ (СГ),11/09/2022 00:00:00,12276,ТСЦ 2641,DAEWOO,NUBIRA,KLAJF696EWK221074,01/01/1998 00:00:00,ЗЕЛЕНИЙ,ЛЕГКОВИЙ,СЕДАН,ЗАГАЛЬНИЙ,БЕНЗИН,1598,1320,1720,АТ1704НР
197,P,2124480401,315,ПЕРЕРЕЄСТРАЦІЯ ТЗ НА НОВ. ВЛАСН. ПО ДОГОВОРУ УКЛАДЕНОМУ В ТСЦ,11/19/2022 00:00:00,12261,ТСЦ 2141,TOYOTA,CAMRY,JTNBE40K803145476,01/01/2007 00:00:00,СІРИЙ,ЛЕГКОВИЙ,СЕДАН,ЗАГАЛЬНИЙ,БЕНЗИН АБО ГАЗ,2362,1520,1915,АО0106ЕО
198,P,4610900000,254,НАЛЕЖНИЙ КОРИСТУВАЧ. РЕЄСТРАЦІЯ,12/19/2022 00:00:00,10000,OLD_ДДАІ МВС УКРАЇНИ,MAZDA,CX-5,JMZKE897800126233,01/01/2012 00:00:00,СІРИЙ,ЛЕГКОВИЙ,УНІВЕРСАЛ,ЗАГАЛЬНИЙ,БЕНЗИН,1998,1465,2045,ВС1792СТ
199,P,510136300,308,ПЕРЕРЕЄСТРАЦІЯ НА НОВОГО ВЛАСНИКА ЗА ДОГ. КУПIВЛI-ПРОДАЖУ (СГ),07/13/2022 00:00:00,12229,ТСЦ 0541,RENAULT,PREMIUM,VF622ACA000110846,01/01/2004 00:00:00,БІЛИЙ,ВАНТАЖНИЙ,ФУРГОН ІЗОТЕРМІЧНИЙ,СПЕЦІАЛІЗОВАНИЙ,ДИЗЕЛЬНЕ ПАЛИВО,6180,8120,19000,АВ9774ІТ
200,P,6310136600,315,ПЕРЕРЕЄСТРАЦІЯ ТЗ НА НОВ. ВЛАСН. ПО ДОГОВОРУ УКЛАДЕНОМУ В ТСЦ,12/16/2022 00:00:00,12285,ТСЦ 3246,CHEVROLET,AVEO,KL1TA69EJCB113347,01/01/2012 00:00:00,ЧОРНИЙ,ЛЕГКОВИЙ,СЕДАН,ЗАГАЛЬНИЙ,БЕНЗИН АБО ГАЗ,1598,1223,1685,АІ8748ОТ
201,P,6310138200,308,ПЕРЕРЕЄСТРАЦІЯ НА НОВОГО ВЛАСНИКА ЗА ДОГ. КУПIВЛI-ПРОДАЖУ (СГ),12/20/2022 00:00:00,12323,ТСЦ 5143,AUDI,A6,WAUZZZ4G6DN040050,01/01/2012 00:00:00,БІЛИЙ,ЛЕГКОВИЙ,СЕДАН,ЗАГАЛЬНИЙ,БЕНЗИН,1984,1640,2145,ВН2687РХ
202,P,6824783201,308,ПЕРЕРЕЄСТРАЦІЯ НА НОВОГО ВЛАСНИКА ЗА ДОГ. КУПIВЛI-ПРОДАЖУ (СГ),08/25/2022 00:00:00,12371,ТСЦ 6841,FORD,MONDEO,1FAFP66L3WK305781,01/01/1998 00:00:00,ЧЕРВОНИЙ,ЛЕГКОВИЙ,СЕДАН,ЗАГАЛЬНИЙ,БЕНЗИН,2544,1250,1865,ВХ8016НЕ
203,J,6824287701,400,ПЕРЕРЕЄСТРАЦIЯ ПРИ ПЕРЕОБЛАДНАННI ДЛЯ РОБОТИ НА ГАЗОВОМУ ПАЛЬНОМУ,02/11/2022 00:00:00,12372,ТСЦ 6842,ЗАЗ,LANOS,Y6DTF55Y0C0003473,01/01/2012 00:00:00,БІЛИЙ,ЛЕГКОВИЙ,ПІКАП,ЗАГАЛЬНИЙ,БЕНЗИН АБО ГАЗ,1498,1114,1595,ВХ9411ВН
204,P,4810400000,308,ПЕРЕРЕЄСТРАЦІЯ НА НОВОГО ВЛАСНИКА ЗА ДОГ. КУПIВЛI-ПРОДАЖУ (СГ),02/01/2022 00:00:00,12371,ТСЦ 6841,RENAULT,TRAFIC,VF1FLBBB54Y054803,01/01/2004 00:00:00,СИНІЙ,ЛЕГКОВИЙ,ПАСАЖИРСЬКИЙ,ЗАГАЛЬНИЙ,ДИЗЕЛЬНЕ ПАЛИВО,1870,1765,2940,ВХ5977НЕ
205,P,6823985102,315,ПЕРЕРЕЄСТРАЦІЯ ТЗ НА НОВ. ВЛАСН. ПО ДОГОВОРУ УКЛАДЕНОМУ В ТСЦ,01/18/2022 00:00:00,12375,ТСЦ 6845,OPEL,COMBO,W0L0XCF2553045426,01/01/2005 00:00:00,СІРИЙ,ЛЕГКОВИЙ,ПАСАЖИРСЬКИЙ,ЗАГАЛЬНИЙ,ДИЗЕЛЬНЕ ПАЛИВО,1686,1350,2055,ВХ4104НС
206,P,7122882401,315,ПЕРЕРЕЄСТРАЦІЯ ТЗ НА НОВ. ВЛАСН. ПО ДОГОВОРУ УКЛАДЕНОМУ В ТСЦ,08/20/2022 00:00:00,12295,ТСЦ 8046,NISSAN,TIIDA,3N1FCAC11UK563387,01/01/2012 00:00:00,СИНІЙ,ЛЕГКОВИЙ,ХЕТЧБЕК,ЗАГАЛЬНИЙ,БЕНЗИН,1598,1364,1785,КА9080ІА
207,P,8038600000,254,НАЛЕЖНИЙ КОРИСТУВАЧ. РЕЄСТРАЦІЯ,02/19/2022 00:00:00,10000,OLD_ДДАІ МВС УКРАЇНИ,NISSAN,TIIDA,3N1FCAC11UK563387,01/01/2012 00:00:00,СИНІЙ,ЛЕГКОВИЙ,ХЕТЧБЕК,ЗАГАЛЬНИЙ,БЕНЗИН,1598,1364,1785,АА5933РВ
208,P,6310100000,254,НАЛЕЖНИЙ КОРИСТУВАЧ. РЕЄСТРАЦІЯ,08/31/2022 00:00:00,10000,OLD_ДДАІ МВС УКРАЇНИ,AUDI,ALLROAD,WAUZZZ4BX4N068177,01/01/2004 00:00:00,ЧОРНИЙ,ЛЕГКОВИЙ,УНІВЕРСАЛ,ЗАГАЛЬНИЙ,БЕНЗИН,2671,1910,2465,АХ6073СР
209,P,3222210100,315,ПЕРЕРЕЄСТРАЦІЯ ТЗ НА НОВ. ВЛАСН. ПО ДОГОВОРУ УКЛАДЕНОМУ В ТСЦ,10/21/2022 00:00:00,12295,ТСЦ 8046,TOYOTA,COROLLA,NMTBZ20E50R127697,01/01/2006 00:00:00,СІРИЙ,ЛЕГКОВИЙ,СЕДАН,ЗАГАЛЬНИЙ,БЕНЗИН АБО ГАЗ,1598,1190,1655,КА8578ІВ
210,P,8038000000,315,ПЕРЕРЕЄСТРАЦІЯ ТЗ НА НОВ. ВЛАСН. ПО ДОГОВОРУ УКЛАДЕНОМУ В ТСЦ,11/26/2022 00:00:00,12292,ТСЦ 8043,HONDA,CIVIC,SHHFN23607U004588,01/01/2007 00:00:00,СІРИЙ,ЛЕГКОВИЙ,ХЕТЧБЕК,ЗАГАЛЬНИЙ,БЕНЗИН,1998,1338,1700,КА6292ІК
211,P,4810136300,254,НАЛЕЖНИЙ КОРИСТУВАЧ. РЕЄСТРАЦІЯ,11/10/2022 00:00:00,10000,OLD_ДДАІ МВС УКРАЇНИ,HONDA,JAZZ,JHMGD18905S286641,01/01/2005 00:00:00,СІРИЙ,ЛЕГКОВИЙ,ХЕТЧБЕК,ЗАГАЛЬНИЙ,БЕНЗИН,1339,940,1470,ВЕ0553ВС
212,P,5123755300,308,ПЕРЕРЕЄСТРАЦІЯ НА НОВОГО ВЛАСНИКА ЗА ДОГ. КУПIВЛI-ПРОДАЖУ (СГ),02/15/2022 00:00:00,13362,ТСЦ 5150,BMW,735I,WBAGG41010DN63449,01/01/2000 00:00:00,СІРИЙ,ЛЕГКОВИЙ,СЕДАН,ЗАГАЛЬНИЙ,БЕНЗИН АБО ГАЗ,3430,1550,2100,ВН0740РО
213,P,6822487101,340,ПЕРЕРЕЄСТРАЦIЯ У ЗВ`ЯЗКУ ЗI ЗМIНОЮ АНКЕТНИХ ДАНИХ ВЛАСНИКА(БЕЗ ЗМІНИ РЕГІОНУ РЕЄСТРАЦІЇ),12/14/2022 00:00:00,12373,ТСЦ 6843,OPEL,ASTRA,W0L0AHL4872059502,01/01/2006 00:00:00,СІРИЙ,ЛЕГКОВИЙ,ХЕТЧБЕК,ЗАГАЛЬНИЙ,ДИЗЕЛЬНЕ ПАЛИВО,1248,1320,1820,ВХ9638ВН
214,P,3525582501,315,ПЕРЕРЕЄСТРАЦІЯ ТЗ НА НОВ. ВЛАСН. ПО ДОГОВОРУ УКЛАДЕНОМУ В ТСЦ,11/22/2022 00:00:00,12395,ТСЦ 3545,SKODA,OCTAVIA A5,TMBCK41ZXDB150235,01/01/2012 00:00:00,БЕЖЕВИЙ,ЛЕГКОВИЙ,ХЕТЧБЕК,ЗАГАЛЬНИЙ,БЕНЗИН,1798,1325,1985,ВА8212ЕХ
215,P,1412900000,315,ПЕРЕРЕЄСТРАЦІЯ ТЗ НА НОВ. ВЛАСН. ПО ДОГОВОРУ УКЛАДЕНОМУ В ТСЦ,01/06/2022 00:00:00,12250,ТСЦ 1443,HYUNDAI,IX35,TMAJU81BDCJ316870,01/01/2012 00:00:00,ЧОРНИЙ,ЛЕГКОВИЙ,УНІВЕРСАЛ,ЗАГАЛЬНИЙ,БЕНЗИН АБО ГАЗ,1998,1560,2030,АН6535ОТ
216,P,7121582003,315,ПЕРЕРЕЄСТРАЦІЯ ТЗ НА НОВ. ВЛАСН. ПО ДОГОВОРУ УКЛАДЕНОМУ В ТСЦ,01/18/2022 00:00:00,12381,ТСЦ 7145,ВАЗ,21101,Y7C21101070070587,01/01/2007 00:00:00,ЧОРНИЙ,ЛЕГКОВИЙ,СЕДАН,ЗАГАЛЬНИЙ,БЕНЗИН АБО ГАЗ,1596,1020,1480,СА3134ІК
217,P,8038600000,315,ПЕРЕРЕЄСТРАЦІЯ ТЗ НА НОВ. ВЛАСН. ПО ДОГОВОРУ УКЛАДЕНОМУ В ТСЦ,01/06/2022 00:00:00,12296,ТСЦ 8047,LEXUS,GS 350,JTHCE96SX70005839,01/01/2007 00:00:00,СИНІЙ,ЛЕГКОВИЙ,СЕДАН,ЗАГАЛЬНИЙ,БЕНЗИН,3456,1705,2160,КА4204НА
218,P,7110136400,315,ПЕРЕРЕЄСТРАЦІЯ ТЗ НА НОВ. ВЛАСН. ПО ДОГОВОРУ УКЛАДЕНОМУ В ТСЦ,07/15/2022 00:00:00,12377,ТСЦ 7141,FIAT,SEDICI,TSMFYA21S00660108,01/01/2012 00:00:00,СІРИЙ,ЛЕГКОВИЙ,УНІВЕРСАЛ,ЗАГАЛЬНИЙ,БЕНЗИН,1586,1270,1670,СА3787ІР
219,P,5110100000,315,ПЕРЕРЕЄСТРАЦІЯ ТЗ НА НОВ. ВЛАСН. ПО ДОГОВОРУ УКЛАДЕНОМУ В ТСЦ,07/27/2022 00:00:00,12321,ТСЦ 5141,HYUNDAI,IX35,TMAJU81BDCJ327109,01/01/2012 00:00:00,КОРИЧНЕВИЙ,ЛЕГКОВИЙ,УНІВЕРСАЛ,ЗАГАЛЬНИЙ,БЕНЗИН АБО ГАЗ,1998,1837,2140,ВН5904РС
220,P,6810400000,254,НАЛЕЖНИЙ КОРИСТУВАЧ. РЕЄСТРАЦІЯ,02/09/2022 00:00:00,10000,OLD_ДДАІ МВС УКРАЇНИ,MERCEDES-BENZ,110,VSA63807413112157,01/01/1998 00:00:00,ЧЕРВОНИЙ,ЛЕГКОВИЙ,ПАСАЖИРСЬКИЙ,ЗАГАЛЬНИЙ,ДИЗЕЛЬНЕ ПАЛИВО,2299,1640,2600,ВХ0767СТ
221,P,7324510100,315,ПЕРЕРЕЄСТРАЦІЯ ТЗ НА НОВ. ВЛАСН. ПО ДОГОВОРУ УКЛАДЕНОМУ В ТСЦ,05/28/2022 00:00:00,12388,ТСЦ 7341,CHERY,KIMO,LVVDB22B2CD058121,01/01/2012 00:00:00,СІРИЙ,ЛЕГКОВИЙ,ХЕТЧБЕК,ЗАГАЛЬНИЙ,БЕНЗИН,1297,1049,1424,СЕ0107ЕН
222,J,8036600000,308,ПЕРЕРЕЄСТРАЦІЯ НА НОВОГО ВЛАСНИКА ЗА ДОГ. КУПIВЛI-ПРОДАЖУ (СГ),10/06/2022 00:00:00,12294,ТСЦ 8045,SCHMITZ,SPR 24,WSMS6080000518926,01/01/2004 00:00:00,СІРИЙ,НАПІВПРИЧІП,Н/ПР-БОРТОВИЙ,ЗАГАЛЬНИЙ,,0,6781,35000,АА0885ХL
223,P,5110137600,315,ПЕРЕРЕЄСТРАЦІЯ ТЗ НА НОВ. ВЛАСН. ПО ДОГОВОРУ УКЛАДЕНОМУ В ТСЦ,04/27/2022 00:00:00,13747,ТСЦ 5152,BMW,X1,WBAVP51080VU18769,01/01/2012 00:00:00,БІЛИЙ,ЛЕГКОВИЙ,УНІВЕРСАЛ,ЗАГАЛЬНИЙ,ДИЗЕЛЬНЕ ПАЛИВО,1995,1670,2145,ВН0669РМ
224,P,3222486201,520,ЗНЯТТЯ З ОБЛIКУ ПРИ ВИВЕЗЕННІ ЗА КОРДОН,09/17/2022 00:00:00,12285,ТСЦ 3246,LEXUS,RX 350,2T2BK1BA4BC115512,01/01/2011 00:00:00,БІЛИЙ,ЛЕГКОВИЙ,УНІВЕРСАЛ,ЗАГАЛЬНИЙ,БЕНЗИН,3456,1844,2560,10ВХ7010
225,P,1825655100,570,ЗНЯТТЯ З ОБЛІКУ У ЗВ`ЯЗКУ ЗI ЗМIНОЮ ДЕРЖАВНОГО ОРГАНУ РЕЄСТРАЦІЇ,07/14/2022 00:00:00,12285,ТСЦ 3246,MITSUBISHI,PAJERO WAGON,JMBLYV97W7J001499,01/01/2007 00:00:00,ЧОРНИЙ,ЛЕГКОВИЙ,УНІВЕРСАЛ,ЗАГАЛЬНИЙ,БЕНЗИН АБО ГАЗ,3800,2279,2910,10ВХ6987
226,P,1211000000,308,ПЕРЕРЕЄСТРАЦІЯ НА НОВОГО ВЛАСНИКА ЗА ДОГ. КУПIВЛI-ПРОДАЖУ (СГ),04/28/2022 00:00:00,12315,ТСЦ 4841,FORD,TRANSIT,WF0VXXBDFV6T26288,01/01/2006 00:00:00,ЖОВТИЙ,ВАНТАЖНИЙ,ФУРГОН,СПЕЦІАЛІЗОВАНИЙ,ДИЗЕЛЬНЕ ПАЛИВО,1998,1669,2350,ВЕ8184ЕТ
227,P,3211600000,254,НАЛЕЖНИЙ КОРИСТУВАЧ. РЕЄСТРАЦІЯ,10/05/2022 00:00:00,10000,OLD_ДДАІ МВС УКРАЇНИ,SMART,FORTWO,WME4513321K611074,01/01/2012 00:00:00,СІРИЙ,ЛЕГКОВИЙ,КУПЕ,ЗАГАЛЬНИЙ,БЕНЗИН,999,810,1050,КА3616НО
228,P,8038500000,308,ПЕРЕРЕЄСТРАЦІЯ НА НОВОГО ВЛАСНИКА ЗА ДОГ. КУПIВЛI-ПРОДАЖУ (СГ),09/21/2022 00:00:00,12296,ТСЦ 8047,BMW,X5,WBAFF41010LZ03042,01/01/2008 00:00:00,ЧОРНИЙ,ЛЕГКОВИЙ,УНІВЕРСАЛ,ЗАГАЛЬНИЙ,ДИЗЕЛЬНЕ ПАЛИВО,2993,1745,2950,КА0473НО
229,P,3221480701,308,ПЕРЕРЕЄСТРАЦІЯ НА НОВОГО ВЛАСНИКА ЗА ДОГ. КУПIВЛI-ПРОДАЖУ (СГ),12/14/2022 00:00:00,13960,ТСЦ 8048,PEUGEOT,107,VF3PMCFB0CR004361,01/01/2012 00:00:00,ФІОЛЕТОВИЙ,ЛЕГКОВИЙ,ХЕТЧБЕК,ЗАГАЛЬНИЙ,БЕНЗИН,998,890,1180,КА8060ІА
230,P,7123186501,315,ПЕРЕРЕЄСТРАЦІЯ ТЗ НА НОВ. ВЛАСН. ПО ДОГОВОРУ УКЛАДЕНОМУ В ТСЦ,06/04/2022 00:00:00,12281,ТСЦ 3242,SKODA,FABIA,TMBPH16Y923438446,01/01/2002 00:00:00,ЗЕЛЕНИЙ,ЛЕГКОВИЙ,ХЕТЧБЕК,ЗАГАЛЬНИЙ,БЕНЗИН АБО ГАЗ,1397,1112,1580,АІ6405ОІ
231,P,4610137200,254,НАЛЕЖНИЙ КОРИСТУВАЧ. РЕЄСТРАЦІЯ,02/13/2022 00:00:00,10000,OLD_ДДАІ МВС УКРАЇНИ,VOLKSWAGEN,TIGUAN,WVGZZZ5NZDW023161,01/01/2012 00:00:00,ЧЕРВОНИЙ,ЛЕГКОВИЙ,УНІВЕРСАЛ,ЗАГАЛЬНИЙ,ДИЗЕЛЬНЕ ПАЛИВО,1968,1600,2200,ВС8448СМ
232,P,2323955400,315,ПЕРЕРЕЄСТРАЦІЯ ТЗ НА НОВ. ВЛАСН. ПО ДОГОВОРУ УКЛАДЕНОМУ В ТСЦ,06/25/2022 00:00:00,12267,ТСЦ 2341,CALABRESE,EU-82,ZCC82R6EP00032641,01/01/1995 00:00:00,СІРИЙ,ПРИЧІП,ПР-БОРТОВИЙ,ЗАГАЛЬНИЙ,,0,5460,24000,АР6969ХО
233,P,8039100000,315,ПЕРЕРЕЄСТРАЦІЯ ТЗ НА НОВ. ВЛАСН. ПО ДОГОВОРУ УКЛАДЕНОМУ В ТСЦ,12/08/2022 00:00:00,12296,ТСЦ 8047,MITSUBISHI,LANCER,JMBSRCS3A6U013346,01/01/2006 00:00:00,ЧОРНИЙ,ЛЕГКОВИЙ,СЕДАН,ЗАГАЛЬНИЙ,БЕНЗИН,1584,1185,1770,АА8111ТО
234,P,6310137500,315,ПЕРЕРЕЄСТРАЦІЯ ТЗ НА НОВ. ВЛАСН. ПО ДОГОВОРУ УКЛАДЕНОМУ В ТСЦ,10/05/2022 00:00:00,12240,ТСЦ 1241,DAF,85360,XLRTE85XC0E505807,01/01/1999 00:00:00,БІЛИЙ,ВАНТАЖНИЙ,СІДЛОВИЙ ТЯГАЧ,СПЕЦІАЛІЗОВАНИЙ,ДИЗЕЛЬНЕ ПАЛИВО,11600,7100,19000,АЕ4001РС
235,P,5110137300,315,ПЕРЕРЕЄСТРАЦІЯ ТЗ НА НОВ. ВЛАСН. ПО ДОГОВОРУ УКЛАДЕНОМУ В ТСЦ,07/12/2022 00:00:00,13747,ТСЦ 5152,MINI,ONE,WMWRA31030TE23299,01/01/2004 00:00:00,ЧОРНИЙ,ЛЕГКОВИЙ,ХЕТЧБЕК,ЗАГАЛЬНИЙ,БЕНЗИН,1598,1180,1610,ВН8729РО
236,P,5110137500,315,ПЕРЕРЕЄСТРАЦІЯ ТЗ НА НОВ. ВЛАСН. ПО ДОГОВОРУ УКЛАДЕНОМУ В ТСЦ,07/06/2022 00:00:00,12321,ТСЦ 5141,JEEP,COMPASS,1C4NJDCB5CD701217,01/01/2012 00:00:00,ЧОРНИЙ,ЛЕГКОВИЙ,УНІВЕРСАЛ,ЗАГАЛЬНИЙ,БЕНЗИН,2360,1556,2015,ВН1385РЕ
237,P,3221055300,340,ПЕРЕРЕЄСТРАЦIЯ У ЗВ`ЯЗКУ ЗI ЗМIНОЮ АНКЕТНИХ ДАНИХ ВЛАСНИКА(БЕЗ ЗМІНИ РЕГІОНУ РЕЄСТРАЦІЇ),01/18/2022 00:00:00,12286,ТСЦ 3247,CITROEN,BERLINGO,VF7GJWJYB93229284,01/01/2005 00:00:00,СИНІЙ,ЛЕГКОВИЙ,УНІВЕРСАЛ,ЗАГАЛЬНИЙ,ДИЗЕЛЬНЕ ПАЛИВО,1868,1410,1980,АН4032ІА
238,P,1825886802,308,ПЕРЕРЕЄСТРАЦІЯ НА НОВОГО ВЛАСНИКА ЗА ДОГ. КУПIВЛI-ПРОДАЖУ (СГ),11/26/2022 00:00:00,12255,ТСЦ 1842,CITROEN,BERLINGO,VF7GJWJYB93229284,01/01/2005 00:00:00,СИНІЙ,ЛЕГКОВИЙ,УНІВЕРСАЛ,ЗАГАЛЬНИЙ,ДИЗЕЛЬНЕ ПАЛИВО,1868,1410,1980,АМ6390НН
239,P,721410100,315,ПЕРЕРЕЄСТРАЦІЯ ТЗ НА НОВ. ВЛАСН. ПО ДОГОВОРУ УКЛАДЕНОМУ В ТСЦ,10/19/2022 00:00:00,12237,ТСЦ 0743,RENAULT,MEGANE,VF1KMSFC538193571,01/01/2007 00:00:00,БІЛИЙ,ЛЕГКОВИЙ,УНІВЕРСАЛ,ЗАГАЛЬНИЙ,ДИЗЕЛЬНЕ ПАЛИВО,1461,1325,1815,АС3821НЕ
240,P,6321786001,315,ПЕРЕРЕЄСТРАЦІЯ ТЗ НА НОВ. ВЛАСН. ПО ДОГОВОРУ УКЛАДЕНОМУ В ТСЦ,01/05/2022 00:00:00,13653,ТСЦ 6350,MAZDA,2,JMZNC2WPJN3E70933,01/01/2003 00:00:00,СІРИЙ,ЛЕГКОВИЙ,УНІВЕРСАЛ,ЗАГАЛЬНИЙ,БЕНЗИН,1399,1050,1450,АХ2689МА
241,P,3210900000,315,ПЕРЕРЕЄСТРАЦІЯ ТЗ НА НОВ. ВЛАСН. ПО ДОГОВОРУ УКЛАДЕНОМУ В ТСЦ,08/17/2022 00:00:00,12292,ТСЦ 8043,MAZDA,6,JMZGH12F701495263,01/01/2011 00:00:00,ЧОРНИЙ,ЛЕГКОВИЙ,СЕДАН,ЗАГАЛЬНИЙ,БЕНЗИН АБО ГАЗ,1999,1349,1935,КА2491ІН
242,J,8038000000,315,ПЕРЕРЕЄСТРАЦІЯ ТЗ НА НОВ. ВЛАСН. ПО ДОГОВОРУ УКЛАДЕНОМУ В ТСЦ,06/24/2022 00:00:00,12292,ТСЦ 8043,MAZDA,6,JMZGH12F701495263,01/01/2011 00:00:00,ЧОРНИЙ,ЛЕГКОВИЙ,СЕДАН,ЗАГАЛЬНИЙ,БЕНЗИН АБО ГАЗ,1999,1349,1935,КА3702НІ
243,P,7323010100,315,ПЕРЕРЕЄСТРАЦІЯ ТЗ НА НОВ. ВЛАСН. ПО ДОГОВОРУ УКЛАДЕНОМУ В ТСЦ,08/01/2022 00:00:00,12390,ТСЦ 7343,MERCEDES-BENZ,VITO 108 D,WDF63809413545017,01/01/2003 00:00:00,ЧЕРВОНИЙ,ЛЕГКОВИЙ,ПАСАЖИРСЬКИЙ,ЗАГАЛЬНИЙ,ДИЗЕЛЬНЕ ПАЛИВО,2148,1645,2700,СЕ8082ЕН
244,P,1211000000,308,ПЕРЕРЕЄСТРАЦІЯ НА НОВОГО ВЛАСНИКА ЗА ДОГ. КУПIВЛI-ПРОДАЖУ (СГ),08/12/2022 00:00:00,12537,ТСЦ 1248,GEELY,MK,LB37624S7CL038208,01/01/2012 00:00:00,СІРИЙ,ЛЕГКОВИЙ,СЕДАН,ЗАГАЛЬНИЙ,БЕНЗИН АБО ГАЗ,1498,1060,1435,АЕ9683ТЕ
245,P,1210137800,440,ПЕРЕРЕЄСТРАЦIЯ ПРИ ВТРАТІ СВIДОЦТВА ПРО РЕЄСТРАЦIЮ,01/06/2022 00:00:00,12245,ТСЦ 1246,VOLKSWAGEN,POLO,XW8ZZZ61ZDG010304,01/01/2012 00:00:00,СІРИЙ,ЛЕГКОВИЙ,СЕДАН,ЗАГАЛЬНИЙ,БЕНЗИН АБО ГАЗ,1598,1130,1644,АЕ1850ОР
246,P,5623084701,412,ПЕРЕРЕЄСТРАЦІЯ ТЗ ПРИ ВИДАЧІ НОМЕРНОГО ЗНАКУ ВІДПОВІДНОЇ КОМБІНАЦІЇ ЦИФР,02/19/2022 00:00:00,12337,ТСЦ 5641,BMW,520I,WBAXG11000DY79231,01/01/2012 00:00:00,СІРИЙ,ЛЕГКОВИЙ,СЕДАН,ЗАГАЛЬНИЙ,БЕНЗИН,1997,1670,2150,ВК4111АА
247,P,2110100000,254,НАЛЕЖНИЙ КОРИСТУВАЧ. РЕЄСТРАЦІЯ,09/18/2022 00:00:00,10000,OLD_ДДАІ МВС УКРАЇНИ,RENAULT,TRAFIC,VF1FLBCB65V228401,01/01/2005 00:00:00,БІЛИЙ,ЛЕГКОВИЙ,ПАСАЖИРСЬКИЙ,ЗАГАЛЬНИЙ,ДИЗЕЛЬНЕ ПАЛИВО,1870,1725,2940,АО1846ВІ
248,P,6310138800,315,ПЕРЕРЕЄСТРАЦІЯ ТЗ НА НОВ. ВЛАСН. ПО ДОГОВОРУ УКЛАДЕНОМУ В ТСЦ,02/08/2022 00:00:00,13653,ТСЦ 6350,SMART,ROADSTER,WME4524341L005876,01/01/2003 00:00:00,СИНІЙ,ЛЕГКОВИЙ,КАБРІОЛЕТ,ЗАГАЛЬНИЙ,БЕНЗИН,698,650,900,АХ8872МЕ
249,P,6311200000,315,ПЕРЕРЕЄСТРАЦІЯ ТЗ НА НОВ. ВЛАСН. ПО ДОГОВОРУ УКЛАДЕНОМУ В ТСЦ,05/17/2022 00:00:00,12331,ТСЦ 5342,ЗАЗ,LANOS,Y6DTF699P8W429855,01/01/2008 00:00:00,СИНІЙ,ЛЕГКОВИЙ,СЕДАН,ЗАГАЛЬНИЙ,БЕНЗИН АБО ГАЗ,1386,1100,1595,ВІ6146НК
250,P,7110136400,410,ПЕРЕРЕЄСТРАЦІЯ ПРИ ЗАМІНІ НОМЕРНОГО ЗНАКУ,01/21/2022 00:00:00,12377,ТСЦ 7141,FORD,FIESTA,WF0JXXGAJJCC58945,01/01/2012 00:00:00,БІЛИЙ,ЛЕГКОВИЙ,ХЕТЧБЕК,ЗАГАЛЬНИЙ,БЕНЗИН,1388,1118,1555,СА0361ІК
251,P,5110200000,315,ПЕРЕРЕЄСТРАЦІЯ ТЗ НА НОВ. ВЛАСН. ПО ДОГОВОРУ УКЛАДЕНОМУ В ТСЦ,11/22/2022 00:00:00,13747,ТСЦ 5152,KIA,MAGENTIS,Y6LGE22437L000852,01/01/2007 00:00:00,СІРИЙ,ЛЕГКОВИЙ,СЕДАН,ЗАГАЛЬНИЙ,БЕНЗИН АБО ГАЗ,2656,1442,2020,ВН1504РР
252,J,1210100000,315,ПЕРЕРЕЄСТРАЦІЯ ТЗ НА НОВ. ВЛАСН. ПО ДОГОВОРУ УКЛАДЕНОМУ В ТСЦ,01/29/2022 00:00:00,12383,ТСЦ 7441,CHEVROLET,LACETTI,KL1NF1961CK721466,01/01/2012 00:00:00,БІЛИЙ,ЛЕГКОВИЙ,СЕДАН,ЗАГАЛЬНИЙ,БЕНЗИН АБО ГАЗ,1598,1595,2015,СВ4674ЕЕ
253,P,6825288201,315,ПЕРЕРЕЄСТРАЦІЯ ТЗ НА НОВ. ВЛАСН. ПО ДОГОВОРУ УКЛАДЕНОМУ В ТСЦ,10/06/2022 00:00:00,12373,ТСЦ 6843,CHEVROLET,LACETTI,KL1NF1961CK758016,01/01/2012 00:00:00,БІЛИЙ,ЛЕГКОВИЙ,СЕДАН,ЗАГАЛЬНИЙ,БЕНЗИН АБО ГАЗ,1598,1585,2065,ВХ0126НК
254,P,7124989001,250,"ВИДАЧА ТИМЧАСОВОГО РЕЄСТР ТАЛОНУ ПО ДОРУЧЕННЮ ЧИ ІНШОГО ДОКУМ.ПРАВОКОРИСТУВАННЯ ",05/06/2022 00:00:00,12377,ТСЦ 7141,БАЗ,А079.24,Y7FA07924B0007987,01/01/2011 00:00:00,БЕЖЕВИЙ,АВТОБУС,АВТОБУС,ЗАГАЛЬНИЙ,ДИЗЕЛЬНЕ ПАЛИВО,5675,5540,7730,СА0009АА
255,P,2625881501,218,ПЕРЕРЕЄСТРАЦІЯ НА НОВОГО ВЛАСНИКА ЗА ДОГ. КУПIВЛI-ПРОДАЖУ (СГ) З ПОСТ. НА ТИМЧ. ОБЛІК ТА ВИДАЧЕЮ ТТ НА ПЕРІОД ВОЄННОГО СТАНУ,09/07/2022 00:00:00,12278,ТСЦ 2643,VOLKSWAGEN,TRANSPORTER,WV1ZZZ70Z3H040193,01/01/2002 00:00:00,БІЛИЙ,ЛЕГКОВИЙ,ПАСАЖИРСЬКИЙ,ЗАГАЛЬНИЙ,ДИЗЕЛЬНЕ ПАЛИВО,2461,2390,2890,АТ5061НЕ
256,P,3523810100,315,ПЕРЕРЕЄСТРАЦІЯ ТЗ НА НОВ. ВЛАСН. ПО ДОГОВОРУ УКЛАДЕНОМУ В ТСЦ,11/12/2022 00:00:00,12285,ТСЦ 3246,HYUNDAI,ELANTRA,KMHDH41CACU570558,01/01/2012 00:00:00,СІРИЙ,ЛЕГКОВИЙ,СЕДАН,ЗАГАЛЬНИЙ,БЕНЗИН АБО ГАЗ,1591,1305,1770,АІ7212ОТ
257,P,3221081001,315,ПЕРЕРЕЄСТРАЦІЯ ТЗ НА НОВ. ВЛАСН. ПО ДОГОВОРУ УКЛАДЕНОМУ В ТСЦ,12/24/2022 00:00:00,13872,ТСЦ 5348,ГАЗ,31105-120,X9631105071393516,01/01/2007 00:00:00,СІРИЙ,ЛЕГКОВИЙ,СЕДАН,ЗАГАЛЬНИЙ,БЕНЗИН АБО ГАЗ,2285,1750,2000,ВІ7893НР
258,P,4423610100,230,ВИДАЧА СВ. ПРО РЕЄСТР ДЛЯ ПОЇЗДКИ ЗА КОРДОН,05/18/2022 00:00:00,12383,ТСЦ 7441,TOYOTA,СAMRY,JTNBK40K803000821,01/01/2006 00:00:00,ЧОРНИЙ,ЛЕГКОВИЙ,СЕДАН,ЗАГАЛЬНИЙ,БЕНЗИН,3456,1610,2050,ВВ7771ОО
259,P,6322080501,440,ПЕРЕРЕЄСТРАЦIЯ ПРИ ВТРАТІ СВIДОЦТВА ПРО РЕЄСТРАЦIЮ,12/21/2022 00:00:00,12357,ТСЦ 6343,VOLKSWAGEN,PASSAT VARIANT,WVWZZZ3AZRE059664,01/01/1993 00:00:00,ЧОРНИЙ,ЛЕГКОВИЙ,УНІВЕРСАЛ,ЗАГАЛЬНИЙ,БЕНЗИН АБО ГАЗ,1984,1240,1800,АХ5748МО
260,P,4611870400,254,НАЛЕЖНИЙ КОРИСТУВАЧ. РЕЄСТРАЦІЯ,02/10/2022 00:00:00,10000,OLD_ДДАІ МВС УКРАЇНИ,NISSAN,PRIMASTAR,VSKF4AHA6UY593878,01/01/2006 00:00:00,БІЛИЙ,ЛЕГКОВИЙ,ПАСАЖИРСЬКИЙ,ЗАГАЛЬНИЙ,ДИЗЕЛЬНЕ ПАЛИВО,1995,1678,2770,ВС1288ЕВ
261,P,7110136700,315,ПЕРЕРЕЄСТРАЦІЯ ТЗ НА НОВ. ВЛАСН. ПО ДОГОВОРУ УКЛАДЕНОМУ В ТСЦ,06/09/2022 00:00:00,12377,ТСЦ 7141,VOLKSWAGEN,PASSAT,WVWZZZ3CZ8E152984,01/01/2008 00:00:00,СІРИЙ,ЛЕГКОВИЙ,УНІВЕРСАЛ,ЗАГАЛЬНИЙ,ДИЗЕЛЬНЕ ПАЛИВО,1896,1552,2100,СА6844ІО
262,P,5110137500,560,ЗНЯТТЯ З ОБЛІКУ ПРИ ПОВЕРНЕННІ ІЗ ПОЇЗДКИ ЗА КОРДОН ПО ДОРУЧ.,10/25/2022 00:00:00,13747,ТСЦ 5152,SCHWARZMUELLER,SPA-3E,VAVSAK3383H188398,01/01/2003 00:00:00,ЧОРНИЙ,НАПІВПРИЧІП,Н/ПР-САМОСКИД,СПЕЦІАЛІЗОВАНИЙ,,0,6550,34000,ВН4532ХF
263,P,5110136900,254,НАЛЕЖНИЙ КОРИСТУВАЧ. РЕЄСТРАЦІЯ,09/14/2022 00:00:00,10000,OLD_ДДАІ МВС УКРАЇНИ,TOYOTA,RAV4,JTMBE31V80D089511,01/01/2012 00:00:00,БІЛИЙ,ЛЕГКОВИЙ,УНІВЕРСАЛ,ЗАГАЛЬНИЙ,БЕНЗИН,1987,1500,2050,ВН0777НН
264,P,4623086407,308,ПЕРЕРЕЄСТРАЦІЯ НА НОВОГО ВЛАСНИКА ЗА ДОГ. КУПIВЛI-ПРОДАЖУ (СГ),12/01/2022 00:00:00,12307,ТСЦ  4641,OPEL,CORSA,W0L0SDL08C6100791,01/01/2012 00:00:00,ЗЕЛЕНИЙ,ЛЕГКОВИЙ,ХЕТЧБЕК,ЗАГАЛЬНИЙ,БЕНЗИН,1229,1100,1545,ВС5698РЕ
265,P,6825082201,400,ПЕРЕРЕЄСТРАЦIЯ ПРИ ПЕРЕОБЛАДНАННI ДЛЯ РОБОТИ НА ГАЗОВОМУ ПАЛЬНОМУ,01/20/2022 00:00:00,12371,ТСЦ 6841,ЗАЗ,110557,Y6D110557A0049427,01/01/2010 00:00:00,БІЛИЙ,ВАНТАЖНИЙ,ФУРГОН,СПЕЦІАЛІЗОВАНИЙ,БЕНЗИН АБО ГАЗ,1197,881,1190,ВХ5542ВН
266,P,5310400000,315,ПЕРЕРЕЄСТРАЦІЯ ТЗ НА НОВ. ВЛАСН. ПО ДОГОВОРУ УКЛАДЕНОМУ В ТСЦ,07/28/2022 00:00:00,12331,ТСЦ 5342,ВАЗ,2107,XTA21070021566270,01/01/2002 00:00:00,ФІОЛЕТОВИЙ,ЛЕГКОВИЙ,СЕДАН,ЗАГАЛЬНИЙ,БЕНЗИН АБО ГАЗ,1451,1000,1460,ВІ7285НМ
267,P,2610100000,315,ПЕРЕРЕЄСТРАЦІЯ ТЗ НА НОВ. ВЛАСН. ПО ДОГОВОРУ УКЛАДЕНОМУ В ТСЦ,08/01/2022 00:00:00,12276,ТСЦ 2641,DAEWOO,LANOS,Y6DTF69YD4W205903,01/01/2004 00:00:00,СІРИЙ,ЛЕГКОВИЙ,СЕДАН,ЗАГАЛЬНИЙ,БЕНЗИН АБО ГАЗ,1498,1165,1595,АТ3239НІ
268,P,5324083502,254,НАЛЕЖНИЙ КОРИСТУВАЧ. РЕЄСТРАЦІЯ,02/15/2022 00:00:00,10000,OLD_ДДАІ МВС УКРАЇНИ,RENAULT,SANDERO,X7LBSRB1KCH556067,01/01/2012 00:00:00,ЧЕРВОНИЙ,ЛЕГКОВИЙ,ХЕТЧБЕК,ЗАГАЛЬНИЙ,БЕНЗИН,1598,1095,1470,ВІ2305ЕО
269,P,3222210100,315,ПЕРЕРЕЄСТРАЦІЯ ТЗ НА НОВ. ВЛАСН. ПО ДОГОВОРУ УКЛАДЕНОМУ В ТСЦ,06/30/2022 00:00:00,12281,ТСЦ 3242,KIA,RIO,Z94CB41ABDR073185,01/01/2012 00:00:00,ЧОРНИЙ,ЛЕГКОВИЙ,СЕДАН,ЗАГАЛЬНИЙ,БЕНЗИН,1396,1160,1565,АІ2859ОР
270,P,3210800000,340,ПЕРЕРЕЄСТРАЦIЯ У ЗВ`ЯЗКУ ЗI ЗМIНОЮ АНКЕТНИХ ДАНИХ ВЛАСНИКА(БЕЗ ЗМІНИ РЕГІОНУ РЕЄСТРАЦІЇ),01/26/2022 00:00:00,12286,ТСЦ 3247,FORD,FOCUS,WF0MXXGCBMCA41007,01/01/2012 00:00:00,СИНІЙ,ЛЕГКОВИЙ,СЕДАН,ЗАГАЛЬНИЙ,БЕНЗИН АБО ГАЗ,1596,1468,1950,АІ6490ЕА
271,P,5120486401,230,ВИДАЧА СВ. ПРО РЕЄСТР ДЛЯ ПОЇЗДКИ ЗА КОРДОН,07/12/2022 00:00:00,13362,ТСЦ 5150,RENAULT,MAGNUM AE 430-18,VF611GTA000101229,01/01/2000 00:00:00,БІЛИЙ,ВАНТАЖНИЙ,СІДЛОВИЙ ТЯГАЧ,СПЕЦІАЛІЗОВАНИЙ,ДИЗЕЛЬНЕ ПАЛИВО,11929,7200,18000,ВН6013ЕЕ
272,P,1222387403,315,ПЕРЕРЕЄСТРАЦІЯ ТЗ НА НОВ. ВЛАСН. ПО ДОГОВОРУ УКЛАДЕНОМУ В ТСЦ,12/10/2022 00:00:00,13648,ТСЦ 1249,KIA,RIO,Z94CC41BADR076035,01/01/2012 00:00:00,СІРИЙ,ЛЕГКОВИЙ,СЕДАН,ЗАГАЛЬНИЙ,БЕНЗИН АБО ГАЗ,1591,1160,1565,АЕ9179ТМ
273,P,8038000000,315,ПЕРЕРЕЄСТРАЦІЯ ТЗ НА НОВ. ВЛАСН. ПО ДОГОВОРУ УКЛАДЕНОМУ В ТСЦ,02/12/2022 00:00:00,12292,ТСЦ 8043,TOYOTA,FJ CRUISER,JTEBU4BF5CK136408,01/01/2012 00:00:00,БІЛИЙ,ЛЕГКОВИЙ,УНІВЕРСАЛ,ЗАГАЛЬНИЙ,БЕНЗИН,3956,2180,2350,КА1971НМ
274,P,4810400000,315,ПЕРЕРЕЄСТРАЦІЯ ТЗ НА НОВ. ВЛАСН. ПО ДОГОВОРУ УКЛАДЕНОМУ В ТСЦ,04/30/2022 00:00:00,12295,ТСЦ 8046,TOYOTA,FJ CRUISER,JTEBU4BF5CK136408,01/01/2012 00:00:00,БІЛИЙ,ЛЕГКОВИЙ,УНІВЕРСАЛ,ЗАГАЛЬНИЙ,БЕНЗИН,3956,2180,2350,КА4095НР
275,P,510136600,315,ПЕРЕРЕЄСТРАЦІЯ ТЗ НА НОВ. ВЛАСН. ПО ДОГОВОРУ УКЛАДЕНОМУ В ТСЦ,08/17/2022 00:00:00,12229,ТСЦ 0541,VOLKSWAGEN,GOLF,WVWZZZ1HZTW021680,01/01/1995 00:00:00,СИНІЙ,ЛЕГКОВИЙ,ХЕТЧБЕК,ЗАГАЛЬНИЙ,БЕНЗИН АБО ГАЗ,1390,1080,1505,АВ4932ІТ
276,P,7121589201,410,ПЕРЕРЕЄСТРАЦІЯ ПРИ ЗАМІНІ НОМЕРНОГО ЗНАКУ,08/10/2022 00:00:00,12287,ТСЦ 3248,OPEL,VECTRA,W0L0ZCF6981092189,01/01/2008 00:00:00,ЧОРНИЙ,ЛЕГКОВИЙ,СЕДАН,ЗАГАЛЬНИЙ,БЕНЗИН АБО ГАЗ,2198,1375,1875,СА1770СМ
277,P,2123656200,315,ПЕРЕРЕЄСТРАЦІЯ ТЗ НА НОВ. ВЛАСН. ПО ДОГОВОРУ УКЛАДЕНОМУ В ТСЦ,01/19/2022 00:00:00,12396,ТСЦ 2146,MERCEDES-BENZ,VITO 108 CDI,VSA63809413333862,01/01/2000 00:00:00,БІЛИЙ,ЛЕГКОВИЙ,ПАСАЖИРСЬКИЙ,ЗАГАЛЬНИЙ,ДИЗЕЛЬНЕ ПАЛИВО,2148,1710,2700,АО0930НІ
278,P,1221081803,400,ПЕРЕРЕЄСТРАЦIЯ ПРИ ПЕРЕОБЛАДНАННI ДЛЯ РОБОТИ НА ГАЗОВОМУ ПАЛЬНОМУ,05/14/2022 00:00:00,12243,ТСЦ 1244,CHEVROLET,NIVA,X9L21230080236561,01/01/2008 00:00:00,СИНІЙ,ЛЕГКОВИЙ,УНІВЕРСАЛ,ЗАГАЛЬНИЙ,БЕНЗИН АБО ГАЗ,1690,1444,1850,АР7612ІМ
279,P,5110137500,315,ПЕРЕРЕЄСТРАЦІЯ ТЗ НА НОВ. ВЛАСН. ПО ДОГОВОРУ УКЛАДЕНОМУ В ТСЦ,10/29/2022 00:00:00,13747,ТСЦ 5152,NISSAN,TIIDA,JN1CC13C58T012853,01/01/2008 00:00:00,ЧЕРВОНИЙ,ЛЕГКОВИЙ,ХЕТЧБЕК,ЗАГАЛЬНИЙ,БЕНЗИН,1598,1030,1530,ВН1946РК
280,P,3520555100,308,ПЕРЕРЕЄСТРАЦІЯ НА НОВОГО ВЛАСНИКА ЗА ДОГ. КУПIВЛI-ПРОДАЖУ (СГ),07/06/2022 00:00:00,12377,ТСЦ 7141,FIAT,DUCATO,ZFA24400007613483,01/01/2005 00:00:00,БІЛИЙ,ВАНТАЖНИЙ,ФУРГОН,СПЕЦІАЛІЗОВАНИЙ,ДИЗЕЛЬНЕ ПАЛИВО,2800,2020,3090,СА4157ІР
281,P,3510100000,315,ПЕРЕРЕЄСТРАЦІЯ ТЗ НА НОВ. ВЛАСН. ПО ДОГОВОРУ УКЛАДЕНОМУ В ТСЦ,07/14/2022 00:00:00,12298,ТСЦ 3541,CHEVROLET,LACETTI,KL1NF1961CK710509,01/01/2012 00:00:00,БІЛИЙ,ЛЕГКОВИЙ,СЕДАН,ЗАГАЛЬНИЙ,БЕНЗИН АБО ГАЗ,1598,1115,1665,ВА8917ЕР
282,P,2621681601,250,"ВИДАЧА ТИМЧАСОВОГО РЕЄСТР ТАЛОНУ ПО ДОРУЧЕННЮ ЧИ ІНШОГО ДОКУМ.ПРАВОКОРИСТУВАННЯ ",06/07/2022 00:00:00,12278,ТСЦ 2643,MERCEDES-BENZ,SPRINTER 316 CDI,WDB9036631R811182,01/01/2005 00:00:00,ЧОРНИЙ,ЛЕГКОВИЙ,ПАСАЖИРСЬКИЙ,ЗАГАЛЬНИЙ,ДИЗЕЛЬНЕ ПАЛИВО,2685,2190,3500,АТ5634НІ
283,P,5110137600,308,ПЕРЕРЕЄСТРАЦІЯ НА НОВОГО ВЛАСНИКА ЗА ДОГ. КУПIВЛI-ПРОДАЖУ (СГ),11/02/2022 00:00:00,12321,ТСЦ 5141,BMW,530D,WBAHC110003562233,01/01/2003 00:00:00,ЧОРНИЙ,ЛЕГКОВИЙ,СЕДАН,ЗАГАЛЬНИЙ,ДИЗЕЛЬНЕ ПАЛИВО,2926,1625,2150,ВН3131МА
284,P,5123755802,410,ПЕРЕРЕЄСТРАЦІЯ ПРИ ЗАМІНІ НОМЕРНОГО ЗНАКУ,08/24/2022 00:00:00,12322,ТСЦ 5142,VOLKSWAGEN,TOUAREG,WVGZZZ7LZ7D072486,01/01/2007 00:00:00,ЧОРНИЙ,ЛЕГКОВИЙ,УНІВЕРСАЛ,ЗАГАЛЬНИЙ,ДИЗЕЛЬНЕ ПАЛИВО,2967,1500,2170,ВН8797РК
285,P,7310100000,308,ПЕРЕРЕЄСТРАЦІЯ НА НОВОГО ВЛАСНИКА ЗА ДОГ. КУПIВЛI-ПРОДАЖУ (СГ),04/22/2022 00:00:00,12339,ТСЦ 5643,TOYOTA,LAND CRUISER 200,JTMCT05J804039336,01/01/2010 00:00:00,ЧОРНИЙ,ЛЕГКОВИЙ,УНІВЕРСАЛ,ЗАГАЛЬНИЙ,БЕНЗИН АБО ГАЗ,4664,2580,3300,ВК8900НМ
286,P,524510500,140,ВТОРИННА РЕЄСТРАЦIЯ ТЗ У ЗВ`ЯЗКУ З НЕПРОДАЖЕМ,06/11/2022 00:00:00,12229,ТСЦ 0541,SUZUKI,SV 1000S,VT54A100460,01/01/2006 00:00:00,СИНІЙ,МОТОЦИКЛ,МОТОЦИКЛ,ЗАГАЛЬНИЙ,БЕНЗИН,1000,210,320,АВ1421JА
287,J,8036600000,315,ПЕРЕРЕЄСТРАЦІЯ ТЗ НА НОВ. ВЛАСН. ПО ДОГОВОРУ УКЛАДЕНОМУ В ТСЦ,12/23/2022 00:00:00,13960,ТСЦ 8048,SCHWARZMUELLER,SPA-3E,W09108335THS09632,01/01/1996 00:00:00,ЧЕРВОНИЙ,НАПІВПРИЧІП,Н/ПР-ЦИСТЕРНА,СПЕЦІАЛІЗОВАНИЙ,,0,6500,34000,АА5659ХF
288,P,5323455100,412,ПЕРЕРЕЄСТРАЦІЯ ТЗ ПРИ ВИДАЧІ НОМЕРНОГО ЗНАКУ ВІДПОВІДНОЇ КОМБІНАЦІЇ ЦИФР,08/23/2022 00:00:00,12299,ТСЦ 3542,BMW,X5,5UXFE83517LZ44818,01/01/2007 00:00:00,ЧОРНИЙ,ЛЕГКОВИЙ,УНІВЕРСАЛ,ЗАГАЛЬНИЙ,БЕНЗИН АБО ГАЗ,4799,2180,2800,ВА3533ВТ
289,P,4820381801,315,ПЕРЕРЕЄСТРАЦІЯ ТЗ НА НОВ. ВЛАСН. ПО ДОГОВОРУ УКЛАДЕНОМУ В ТСЦ,11/17/2022 00:00:00,12315,ТСЦ 4841,SUBARU,FORESTER,JF1SH9LL59G022819,01/01/2009 00:00:00,СІРИЙ,ЛЕГКОВИЙ,УНІВЕРСАЛ,ЗАГАЛЬНИЙ,БЕНЗИН АБО ГАЗ,2457,1519,1900,ВЕ1818СТ
290,P,510137000,315,ПЕРЕРЕЄСТРАЦІЯ ТЗ НА НОВ. ВЛАСН. ПО ДОГОВОРУ УКЛАДЕНОМУ В ТСЦ,09/29/2022 00:00:00,12229,ТСЦ 0541,RENAULT,KANGOO,VF1FW1BB542710294,01/01/2010 00:00:00,БІЛИЙ,ЛЕГКОВИЙ,ПАСАЖИРСЬКИЙ,ЗАГАЛЬНИЙ,ДИЗЕЛЬНЕ ПАЛИВО,1461,1251,1918,АВ0309ІО
291,P,2310400000,315,ПЕРЕРЕЄСТРАЦІЯ ТЗ НА НОВ. ВЛАСН. ПО ДОГОВОРУ УКЛАДЕНОМУ В ТСЦ,09/30/2022 00:00:00,12286,ТСЦ 3247,FIAT,NUOVO DOBLO,ZFA26300009184287,01/01/2012 00:00:00,ЧЕРВОНИЙ,ЛЕГКОВИЙ,ПАСАЖИРСЬКИЙ,ЗАГАЛЬНИЙ,ДИЗЕЛЬНЕ ПАЛИВО,1598,1400,1860,АІ3654ОН
292,P,1210136900,308,ПЕРЕРЕЄСТРАЦІЯ НА НОВОГО ВЛАСНИКА ЗА ДОГ. КУПIВЛI-ПРОДАЖУ (СГ),05/07/2022 00:00:00,13648,ТСЦ 1249,MAZDA,CX-9,JM3TB38C770105997,01/01/2007 00:00:00,ЧОРНИЙ,ЛЕГКОВИЙ,УНІВЕРСАЛ,ЗАГАЛЬНИЙ,БЕНЗИН АБО ГАЗ,3496,1918,2174,АЕ6440ТС
293,P,1411245300,308,ПЕРЕРЕЄСТРАЦІЯ НА НОВОГО ВЛАСНИКА ЗА ДОГ. КУПIВЛI-ПРОДАЖУ (СГ),09/07/2022 00:00:00,13648,ТСЦ 1249,MAZDA,CX-9,JM3TB38C770105997,01/01/2007 00:00:00,ЧОРНИЙ,ЛЕГКОВИЙ,УНІВЕРСАЛ,ЗАГАЛЬНИЙ,БЕНЗИН АБО ГАЗ,3496,1918,2174,АЕ6051ТН
294,P,522455100,308,ПЕРЕРЕЄСТРАЦІЯ НА НОВОГО ВЛАСНИКА ЗА ДОГ. КУПIВЛI-ПРОДАЖУ (СГ),11/26/2022 00:00:00,12233,ТСЦ 0545,PEUGEOT,PARTNER,VF3GCRHYB96046211,01/01/2005 00:00:00,СІРИЙ,ЛЕГКОВИЙ,ПАСАЖИРСЬКИЙ,ЗАГАЛЬНИЙ,ДИЗЕЛЬНЕ ПАЛИВО,1997,1286,1990,АВ5419КА
295,P,4623383901,315,ПЕРЕРЕЄСТРАЦІЯ ТЗ НА НОВ. ВЛАСН. ПО ДОГОВОРУ УКЛАДЕНОМУ В ТСЦ,10/05/2022 00:00:00,12307,ТСЦ  4641,HYUNDAI,I20,MALBC51DBCM388719,01/01/2012 00:00:00,СІРИЙ,ЛЕГКОВИЙ,УНІВЕРСАЛ,ЗАГАЛЬНИЙ,БЕНЗИН,1591,1232,1565,ВС8693РЕ
296,P,7424155400,315,ПЕРЕРЕЄСТРАЦІЯ ТЗ НА НОВ. ВЛАСН. ПО ДОГОВОРУ УКЛАДЕНОМУ В ТСЦ,10/18/2022 00:00:00,12286,ТСЦ 3247,CITROEN,JUMPY,VF7BZWJZA12754433,01/01/2000 00:00:00,СИНІЙ,ВАНТАЖНИЙ,ФУРГОН,СПЕЦІАЛІЗОВАНИЙ,ДИЗЕЛЬНЕ ПАЛИВО,1868,1455,2205,СВ2202ВТ
297,P,1210138100,315,ПЕРЕРЕЄСТРАЦІЯ ТЗ НА НОВ. ВЛАСН. ПО ДОГОВОРУ УКЛАДЕНОМУ В ТСЦ,07/11/2022 00:00:00,12241,ТСЦ 1242,MITSUBISHI,LANCER,JMBSNCY1ACU000819,01/01/2012 00:00:00,ЧОРНИЙ,ЛЕГКОВИЙ,СЕДАН,ЗАГАЛЬНИЙ,БЕНЗИН,1590,1255,1750,АЕ7202ТК
298,P,8036100000,308,ПЕРЕРЕЄСТРАЦІЯ НА НОВОГО ВЛАСНИКА ЗА ДОГ. КУПIВЛI-ПРОДАЖУ (СГ),11/11/2022 00:00:00,13960,ТСЦ 8048,BMW,320CI,WBA3B110X0J406452,01/01/2012 00:00:00,СИНІЙ,ЛЕГКОВИЙ,СЕДАН,ЗАГАЛЬНИЙ,БЕНЗИН,1997,1495,1900,КА0177ІК
299,P,1210100000,218,ПЕРЕРЕЄСТРАЦІЯ НА НОВОГО ВЛАСНИКА ЗА ДОГ. КУПIВЛI-ПРОДАЖУ (СГ) З ПОСТ. НА ТИМЧ. ОБЛІК ТА ВИДАЧЕЮ ТТ НА ПЕРІОД ВОЄННОГО СТАНУ,08/27/2022 00:00:00,13648,ТСЦ 1249,MITSUBISHI,SPEACE STAR,XMCLNDG3A4F047441,01/01/2004 00:00:00,СІРИЙ,ЛЕГКОВИЙ,УНІВЕРСАЛ,ЗАГАЛЬНИЙ,БЕНЗИН,1584,1170,1480,АЕ1595ТЕ
300,P,6810100000,412,ПЕРЕРЕЄСТРАЦІЯ ТЗ ПРИ ВИДАЧІ НОМЕРНОГО ЗНАКУ ВІДПОВІДНОЇ КОМБІНАЦІЇ ЦИФР,06/06/2022 00:00:00,12371,ТСЦ 6841,VOLKSWAGEN,JETTA,WVWZZZ1KZ8M026373,01/01/2007 00:00:00,БЕЖЕВИЙ,ЛЕГКОВИЙ,СЕДАН,ЗАГАЛЬНИЙ,БЕНЗИН АБО ГАЗ,1598,1320,1870,ВХ2522АО
301,P,2110400000,254,НАЛЕЖНИЙ КОРИСТУВАЧ. РЕЄСТРАЦІЯ,11/27/2022 00:00:00,10000,OLD_ДДАІ МВС УКРАЇНИ,VOLKSWAGEN,PASSAT CC,WVWZZZ3CZCE525549,01/01/2011 00:00:00,БІЛИЙ,ЛЕГКОВИЙ,СЕДАН,ЗАГАЛЬНИЙ,БЕНЗИН,1798,1446,2080,АО0034АЕ
302,P,6810700000,308,ПЕРЕРЕЄСТРАЦІЯ НА НОВОГО ВЛАСНИКА ЗА ДОГ. КУПIВЛI-ПРОДАЖУ (СГ),11/02/2022 00:00:00,12337,ТСЦ 5641,TOYOTA,LAND CRUISER PRADO 150,JTEBH3FJ205044227,01/01/2012 00:00:00,СІРИЙ,ЛЕГКОВИЙ,УНІВЕРСАЛ,ЗАГАЛЬНИЙ,ДИЗЕЛЬНЕ ПАЛИВО,2982,2490,2990,ВК1982ІА
303,P,7110100000,440,ПЕРЕРЕЄСТРАЦIЯ ПРИ ВТРАТІ СВIДОЦТВА ПРО РЕЄСТРАЦIЮ,05/20/2022 00:00:00,12377,ТСЦ 7141,DAEWOO,NUBIRA,KLAJF356EWK173296,01/01/1998 00:00:00,ЗЕЛЕНИЙ,ЛЕГКОВИЙ,УНІВЕРСАЛ,ЗАГАЛЬНИЙ,БЕНЗИН,1600,1220,1720,СА2039ЕО
304,P,7110136400,254,НАЛЕЖНИЙ КОРИСТУВАЧ. РЕЄСТРАЦІЯ,10/04/2022 00:00:00,10000,OLD_ДДАІ МВС УКРАЇНИ,NISSAN,PATHFINDER,VSKJVWR51U0063368,01/01/2006 00:00:00,СІРИЙ,ЛЕГКОВИЙ,УНІВЕРСАЛ,ЗАГАЛЬНИЙ,ДИЗЕЛЬНЕ ПАЛИВО,2488,2250,2800,СА0091ВІ
305,P,6124210100,315,ПЕРЕРЕЄСТРАЦІЯ ТЗ НА НОВ. ВЛАСН. ПО ДОГОВОРУ УКЛАДЕНОМУ В ТСЦ,05/23/2022 00:00:00,12353,ТСЦ 6145,CITROEN,JUMPY,VF7XURHKH64066044,01/01/2007 00:00:00,СІРИЙ,ЛЕГКОВИЙ,ПАСАЖИРСЬКИЙ,ЗАГАЛЬНИЙ,ДИЗЕЛЬНЕ ПАЛИВО,1997,1820,2932,ВО7656ЕС
306,P,7122510100,412,ПЕРЕРЕЄСТРАЦІЯ ТЗ ПРИ ВИДАЧІ НОМЕРНОГО ЗНАКУ ВІДПОВІДНОЇ КОМБІНАЦІЇ ЦИФР,11/09/2022 00:00:00,13960,ТСЦ 8048,MERCEDES-BENZ,CL 500,WDD2163711A009811,01/01/2007 00:00:00,СІРИЙ,ЛЕГКОВИЙ,КУПЕ,ЗАГАЛЬНИЙ,БЕНЗИН,5461,1600,2000,КА8808ЕІ
307,P,6120885701,315,ПЕРЕРЕЄСТРАЦІЯ ТЗ НА НОВ. ВЛАСН. ПО ДОГОВОРУ УКЛАДЕНОМУ В ТСЦ,08/05/2022 00:00:00,12353,ТСЦ 6145,VOLKSWAGEN,TRANSPORTER,WV1ZZZ70Z1H071039,01/01/2000 00:00:00,СИНІЙ,ЛЕГКОВИЙ,ПАСАЖИРСЬКИЙ,ЗАГАЛЬНИЙ,ДИЗЕЛЬНЕ ПАЛИВО,2461,1670,2730,ВО3790ЕН
308,P,5110137500,230,ВИДАЧА СВ. ПРО РЕЄСТР ДЛЯ ПОЇЗДКИ ЗА КОРДОН,09/15/2022 00:00:00,12322,ТСЦ 5142,MERCEDES-BENZ,814,WDB6703741N088088,01/01/2001 00:00:00,СИНІЙ,АВТОБУС,АВТОБУС,ЗАГАЛЬНИЙ,ДИЗЕЛЬНЕ ПАЛИВО,4249,5200,7490,ВН0711ІІ
309,P,5910100000,315,ПЕРЕРЕЄСТРАЦІЯ ТЗ НА НОВ. ВЛАСН. ПО ДОГОВОРУ УКЛАДЕНОМУ В ТСЦ,07/27/2022 00:00:00,12344,ТСЦ 5943,HYUNDAI,ACCENT,NLHCN41CP9Z137666,01/01/2008 00:00:00,СІРИЙ,ЛЕГКОВИЙ,СЕДАН,ЗАГАЛЬНИЙ,БЕНЗИН,1599,945,1580,ВМ6331ЕА
310,P,2623255700,308,ПЕРЕРЕЄСТРАЦІЯ НА НОВОГО ВЛАСНИКА ЗА ДОГ. КУПIВЛI-ПРОДАЖУ (СГ),11/15/2022 00:00:00,12277,ТСЦ 2642,RENAULT,KANGOO,VF1FC1FAF36294084,01/01/2006 00:00:00,ЖОВТИЙ,ЛЕГКОВИЙ,ПАСАЖИРСЬКИЙ,ЗАГАЛЬНИЙ,ДИЗЕЛЬНЕ ПАЛИВО,1461,1055,1675,АТ0315НР
311,P,5322481701,315,ПЕРЕРЕЄСТРАЦІЯ ТЗ НА НОВ. ВЛАСН. ПО ДОГОВОРУ УКЛАДЕНОМУ В ТСЦ,02/23/2022 00:00:00,12331,ТСЦ 5342,MERCEDES-BENZ,VITO 108,VSA63809413286880,01/01/2000 00:00:00,БІЛИЙ,ЛЕГКОВИЙ,ПАСАЖИРСЬКИЙ,ЗАГАЛЬНИЙ,ДИЗЕЛЬНЕ ПАЛИВО,2151,1710,2700,ВІ2124НК
312,J,4823384401,315,ПЕРЕРЕЄСТРАЦІЯ ТЗ НА НОВ. ВЛАСН. ПО ДОГОВОРУ УКЛАДЕНОМУ В ТСЦ,01/28/2022 00:00:00,12315,ТСЦ 4841,MEILLER,MHKS 40-2,W09SHB233RKM08128,01/01/1994 00:00:00,СІРИЙ,НАПІВПРИЧІП,Н/ПР-САМОСКИД,СПЕЦІАЛІЗОВАНИЙ,,0,9750,32500,ВЕ6229ХО
313,P,8038000000,254,НАЛЕЖНИЙ КОРИСТУВАЧ. РЕЄСТРАЦІЯ,12/01/2022 00:00:00,10000,OLD_ДДАІ МВС УКРАЇНИ,HYUNDAI,TUCSON,Y6LJN81BPCL211220,01/01/2012 00:00:00,СІРИЙ,ЛЕГКОВИЙ,УНІВЕРСАЛ,ЗАГАЛЬНИЙ,БЕНЗИН,1975,1450,1910,АА5580РВ
314,J,8038200000,560,ЗНЯТТЯ З ОБЛІКУ ПРИ ПОВЕРНЕННІ ІЗ ПОЇЗДКИ ЗА КОРДОН ПО ДОРУЧ.,11/10/2022 00:00:00,12229,ТСЦ 0541,MERCEDES-BENZ,GLK 250,WDC2049821F727709,01/01/2011 00:00:00,СІРИЙ,ЛЕГКОВИЙ,УНІВЕРСАЛ,ЗАГАЛЬНИЙ,ДИЗЕЛЬНЕ ПАЛИВО,2143,1880,2450,АА0998ТР
315,J,4810137200,250,"ВИДАЧА ТИМЧАСОВОГО РЕЄСТР ТАЛОНУ ПО ДОРУЧЕННЮ ЧИ ІНШОГО ДОКУМ.ПРАВОКОРИСТУВАННЯ ",02/22/2022 00:00:00,12315,ТСЦ 4841,РУТА,25,Y7X254216C0000120,01/01/2012 00:00:00,БІЛИЙ,АВТОБУС,АВТОБУС,ЗАГАЛЬНИЙ,БЕНЗИН АБО ГАЗ,2890,2145,3920,ВЕ7260ЕР
316,P,3210700000,254,НАЛЕЖНИЙ КОРИСТУВАЧ. РЕЄСТРАЦІЯ,02/11/2022 00:00:00,10000,OLD_ДДАІ МВС УКРАЇНИ,FORD,C-MAX TREND,WF0JXXWPBJCA62121,01/01/2012 00:00:00,ЧОРНИЙ,ЛЕГКОВИЙ,УНІВЕРСАЛ,ЗАГАЛЬНИЙ,БЕНЗИН АБО ГАЗ,1596,1726,1860,АІ4320СО
317,P,2624010100,315,ПЕРЕРЕЄСТРАЦІЯ ТЗ НА НОВ. ВЛАСН. ПО ДОГОВОРУ УКЛАДЕНОМУ В ТСЦ,09/21/2022 00:00:00,12304,ТСЦ 4443,KIA,RIO,Z94CB41AACR067372,01/01/2012 00:00:00,БІЛИЙ,ЛЕГКОВИЙ,СЕДАН,ЗАГАЛЬНИЙ,БЕНЗИН АБО ГАЗ,1396,1165,1650,АТ4453НО
318,P,5310137000,322,ПЕРЕРЕЄСТРАЦIЯ ТЗ НА НОВ. ВЛАС. ПО УСПАДКУВАННЮ ЗА ЗАКОНОМ ЧИ ЗНЯТТЯМ З ОБЛІКУ В ОРГАНАХ СОЦЗАХИСТУ,07/20/2022 00:00:00,12330,ТСЦ 5341,ЗАЗ,110307-42,Y6D11030780127410,01/01/2008 00:00:00,ЧЕРВОНИЙ,ЛЕГКОВИЙ,ХЕТЧБЕК,ЗАГАЛЬНИЙ,БЕНЗИН АБО ГАЗ,1198,902,1250,ВІ2720АМ
319,P,1412900000,308,ПЕРЕРЕЄСТРАЦІЯ НА НОВОГО ВЛАСНИКА ЗА ДОГ. КУПIВЛI-ПРОДАЖУ (СГ),09/13/2022 00:00:00,12245,ТСЦ 1246,FIAT,LINEA,ZFA32300003188191,01/01/2012 00:00:00,БЕЖЕВИЙ,ЛЕГКОВИЙ,СЕДАН,ЗАГАЛЬНИЙ,БЕНЗИН АБО ГАЗ,1368,1160,1800,АЕ7467ТК
320,P,4810100000,308,ПЕРЕРЕЄСТРАЦІЯ НА НОВОГО ВЛАСНИКА ЗА ДОГ. КУПIВЛI-ПРОДАЖУ (СГ),02/22/2022 00:00:00,12315,ТСЦ 4841,MERCEDES-BENZ,SPRINTER 316 CDI,WDB9066351S462522,01/01/2010 00:00:00,БІЛИЙ,ЛЕГКОВИЙ,ВАНТАЖОПАСАЖИРСЬКИЙ,ЗАГАЛЬНИЙ,ДИЗЕЛЬНЕ ПАЛИВО,2143,2556,3500,ВЕ3950ЕТ
321,P,7322582501,408,ПЕРЕРЕЄСТРАЦІЯ ПРИ ПЕРЕОБЛАДНАННІ БЕЗ ЗАМІНИ НОМЕРНИХ АГРЕГАТІВ,07/01/2022 00:00:00,12389,ТСЦ 7342,MAN,18.284,WMAM40ZZ75Y137021,01/01/2004 00:00:00,СИНІЙ,ВАНТАЖНИЙ,ПЛАТФОРМА ТЕНТОВАНА,ЗАГАЛЬНИЙ,ДИЗЕЛЬНЕ ПАЛИВО,6871,7300,18000,СЕ6639ВА
322,P,1825483902,254,НАЛЕЖНИЙ КОРИСТУВАЧ. РЕЄСТРАЦІЯ,11/06/2022 00:00:00,10000,OLD_ДДАІ МВС УКРАЇНИ,MERCEDES-BENZ,311CDI,WDB9036631R388807,01/01/2002 00:00:00,КОРИЧНЕВИЙ,ВАНТАЖНИЙ,ФУРГОН МАЛОТОНАЖНИЙ,СПЕЦІАЛІЗОВАНИЙ,ДИЗЕЛЬНЕ ПАЛИВО,2148,2145,3500,АМ4457ВХ
323,P,4810136600,250,"ВИДАЧА ТИМЧАСОВОГО РЕЄСТР ТАЛОНУ ПО ДОРУЧЕННЮ ЧИ ІНШОГО ДОКУМ.ПРАВОКОРИСТУВАННЯ ",08/17/2022 00:00:00,12315,ТСЦ 4841,MERCEDES-BENZ,311CDI,WDB9036632R604260,01/01/2004 00:00:00,ЖОВТИЙ,АВТОБУС,АВТОБУС,ЗАГАЛЬНИЙ,ДИЗЕЛЬНЕ ПАЛИВО,2151,2080,3500,ВЕ9993АА
324,P,7424787501,315,ПЕРЕРЕЄСТРАЦІЯ ТЗ НА НОВ. ВЛАСН. ПО ДОГОВОРУ УКЛАДЕНОМУ В ТСЦ,09/29/2022 00:00:00,12383,ТСЦ 7441,HONDA,CR-V,SHSRD88806U420978,01/01/2006 00:00:00,ЧОРНИЙ,ЛЕГКОВИЙ,УНІВЕРСАЛ,ЗАГАЛЬНИЙ,БЕНЗИН АБО ГАЗ,1998,1253,1591,СВ9319ЕН
325,P,3524010100,315,ПЕРЕРЕЄСТРАЦІЯ ТЗ НА НОВ. ВЛАСН. ПО ДОГОВОРУ УКЛАДЕНОМУ В ТСЦ,04/13/2022 00:00:00,12394,ТСЦ 3544,CHEVROLET,LACETTI,KL1NF1961CK689967,01/01/2012 00:00:00,БІЛИЙ,ЛЕГКОВИЙ,СЕДАН,ЗАГАЛЬНИЙ,БЕНЗИН АБО ГАЗ,1598,1585,2065,ВА9374ЕО
326,P,4821455100,315,ПЕРЕРЕЄСТРАЦІЯ ТЗ НА НОВ. ВЛАСН. ПО ДОГОВОРУ УКЛАДЕНОМУ В ТСЦ,09/07/2022 00:00:00,12318,ТСЦ 4844,KIA,CERATO,Y6LFE22729L203080,01/01/2008 00:00:00,БІЛИЙ,ЛЕГКОВИЙ,СЕДАН,ЗАГАЛЬНИЙ,БЕНЗИН,1591,1290,1740,ВЕ8519ЕО
327,J,523410100,308,ПЕРЕРЕЄСТРАЦІЯ НА НОВОГО ВЛАСНИКА ЗА ДОГ. КУПIВЛI-ПРОДАЖУ (СГ),11/16/2022 00:00:00,12229,ТСЦ 0541,MERCEDES-BENZ,313 CDI,WDB9036631R517170,01/01/2003 00:00:00,БІЛИЙ,АВТОБУС,АВТОБУС,ЗАГАЛЬНИЙ,ДИЗЕЛЬНЕ ПАЛИВО,2148,2160,3500,АВ1040ЕТ
328,P,8039100000,315,ПЕРЕРЕЄСТРАЦІЯ ТЗ НА НОВ. ВЛАСН. ПО ДОГОВОРУ УКЛАДЕНОМУ В ТСЦ,10/12/2022 00:00:00,12288,ТСЦ 3249,RENAULT,LOGAN,VF1LSRAAH47786023,01/01/2012 00:00:00,БІЛИЙ,ЛЕГКОВИЙ,СЕДАН,ЗАГАЛЬНИЙ,БЕНЗИН,1390,975,1450,АІ0415ОТ
329,P,3210600000,315,ПЕРЕРЕЄСТРАЦІЯ ТЗ НА НОВ. ВЛАСН. ПО ДОГОВОРУ УКЛАДЕНОМУ В ТСЦ,01/08/2022 00:00:00,12282,ТСЦ 3243,FORD,FOCUS,WF0KXXGCBKCA35362,01/01/2012 00:00:00,ЧЕРВОНИЙ,ЛЕГКОВИЙ,ХЕТЧБЕК,ЗАГАЛЬНИЙ,БЕНЗИН АБО ГАЗ,1596,1490,1825,АІ2435ОЕ
330,P,523484001,308,ПЕРЕРЕЄСТРАЦІЯ НА НОВОГО ВЛАСНИКА ЗА ДОГ. КУПIВЛI-ПРОДАЖУ (СГ),02/08/2022 00:00:00,12229,ТСЦ 0541,MERCEDES-BENZ,312D,WDB9034631P857096,01/01/1999 00:00:00,ЖОВТИЙ,АВТОБУС,АВТОБУС,ЗАГАЛЬНИЙ,ДИЗЕЛЬНЕ ПАЛИВО,2874,2490,3500,АВ7182ІК
331,P,5910100000,254,НАЛЕЖНИЙ КОРИСТУВАЧ. РЕЄСТРАЦІЯ,09/06/2022 00:00:00,10000,OLD_ДДАІ МВС УКРАЇНИ,ВАЗ,217030,XTA217030C0355285,01/01/2012 00:00:00,ЧЕРВОНИЙ,ЛЕГКОВИЙ,СЕДАН,ЗАГАЛЬНИЙ,БЕНЗИН АБО ГАЗ,1596,1092,1578,ВМ8052ЕА
332,P,3222485801,308,ПЕРЕРЕЄСТРАЦІЯ НА НОВОГО ВЛАСНИКА ЗА ДОГ. КУПIВЛI-ПРОДАЖУ (СГ),12/02/2022 00:00:00,12296,ТСЦ 8047,VOLKSWAGEN,TOUAREG,WVGZZZ7LZ8Z001046,01/01/2008 00:00:00,ЧОРНИЙ,ЛЕГКОВИЙ,УНІВЕРСАЛ,ЗАГАЛЬНИЙ,ДИЗЕЛЬНЕ ПАЛИВО,2967,2380,2945,КА4058ІК
333,P,6310138800,308,ПЕРЕРЕЄСТРАЦІЯ НА НОВОГО ВЛАСНИКА ЗА ДОГ. КУПIВЛI-ПРОДАЖУ (СГ),12/01/2022 00:00:00,12292,ТСЦ 8043,PEUGEOT,107,VF3PNCFB0CR009767,01/01/2012 00:00:00,ЧОРНИЙ,ЛЕГКОВИЙ,ХЕТЧБЕК,ЗАГАЛЬНИЙ,БЕНЗИН,998,840,1190,КА4566КН
334,P,3210300000,308,ПЕРЕРЕЄСТРАЦІЯ НА НОВОГО ВЛАСНИКА ЗА ДОГ. КУПIВЛI-ПРОДАЖУ (СГ),02/15/2022 00:00:00,12281,ТСЦ 3242,CITROEN,BERLINGO,VF7GBKFWC94223519,01/01/2006 00:00:00,БІЛИЙ,ВАНТАЖНИЙ,ФУРГОН,СПЕЦІАЛІЗОВАНИЙ,БЕНЗИН,1360,1130,1655,АІ1878ОО
335,P,3222486001,315,ПЕРЕРЕЄСТРАЦІЯ ТЗ НА НОВ. ВЛАСН. ПО ДОГОВОРУ УКЛАДЕНОМУ В ТСЦ,06/26/2022 00:00:00,12295,ТСЦ 8046,SKODA,SUPERB,TMBJE43T1DB300062,01/01/2012 00:00:00,БЕЖЕВИЙ,ЛЕГКОВИЙ,УНІВЕРСАЛ,ЗАГАЛЬНИЙ,ДИЗЕЛЬНЕ ПАЛИВО,1968,1517,2080,КА5880НВ
336,P,1210100000,315,ПЕРЕРЕЄСТРАЦІЯ ТЗ НА НОВ. ВЛАСН. ПО ДОГОВОРУ УКЛАДЕНОМУ В ТСЦ,12/29/2022 00:00:00,12241,ТСЦ 1242,SKODA,OCTAVIA,TMBBL41U148737496,01/01/2004 00:00:00,СІРИЙ,ЛЕГКОВИЙ,ХЕТЧБЕК,ЗАГАЛЬНИЙ,БЕНЗИН,1800,1350,1850,АЕ5626ХВ
337,P,5310100000,315,ПЕРЕРЕЄСТРАЦІЯ ТЗ НА НОВ. ВЛАСН. ПО ДОГОВОРУ УКЛАДЕНОМУ В ТСЦ,11/08/2022 00:00:00,12295,ТСЦ 8046,SKODA,OCTAVIA A5,TMBCK41Z3CB157378,01/01/2012 00:00:00,БЕЖЕВИЙ,ЛЕГКОВИЙ,СЕДАН,ЗАГАЛЬНИЙ,БЕНЗИН,1798,1325,1985,КА4722ІК
338,P,722883703,308,ПЕРЕРЕЄСТРАЦІЯ НА НОВОГО ВЛАСНИКА ЗА ДОГ. КУПIВЛI-ПРОДАЖУ (СГ),08/03/2022 00:00:00,12235,ТСЦ 0741,MERCEDES-BENZ,ML 350,WDC1660241A106504,01/01/2012 00:00:00,ЧОРНИЙ,ЛЕГКОВИЙ,УНІВЕРСАЛ,ЗАГАЛЬНИЙ,ДИЗЕЛЬНЕ ПАЛИВО,2987,2345,3050,АС1129НЕ
339,P,510100000,315,ПЕРЕРЕЄСТРАЦІЯ ТЗ НА НОВ. ВЛАСН. ПО ДОГОВОРУ УКЛАДЕНОМУ В ТСЦ,10/21/2022 00:00:00,12295,ТСЦ 8046,MITSUBISHI,LANCER,JMBSRCY1ACU005004,01/01/2012 00:00:00,ЧОРНИЙ,ЛЕГКОВИЙ,СЕДАН,ЗАГАЛЬНИЙ,БЕНЗИН,1590,1275,1750,КА8510ІВ
340,J,6820984001,308,ПЕРЕРЕЄСТРАЦІЯ НА НОВОГО ВЛАСНИКА ЗА ДОГ. КУПIВЛI-ПРОДАЖУ (СГ),12/28/2022 00:00:00,12371,ТСЦ 6841,МАЗ,551608-236,Y3M551608C0000639,01/01/2012 00:00:00,БІЛИЙ,ВАНТАЖНИЙ,САМОСКИД,СПЕЦІАЛІЗОВАНИЙ,ДИЗЕЛЬНЕ ПАЛИВО,14860,14000,33000,ВХ8613НК
341,P,510300000,315,ПЕРЕРЕЄСТРАЦІЯ ТЗ НА НОВ. ВЛАСН. ПО ДОГОВОРУ УКЛАДЕНОМУ В ТСЦ,09/15/2022 00:00:00,12230,ТСЦ 0542,MERCEDES-BENZ,E 200,WDB2100351A035042,01/01/1995 00:00:00,СІРИЙ,ЛЕГКОВИЙ,СЕДАН,ЗАГАЛЬНИЙ,БЕНЗИН АБО ГАЗ,1998,1565,1940,АВ5061ІХ
342,P,4810100000,308,ПЕРЕРЕЄСТРАЦІЯ НА НОВОГО ВЛАСНИКА ЗА ДОГ. КУПIВЛI-ПРОДАЖУ (СГ),11/17/2022 00:00:00,12321,ТСЦ 5141,MERCEDES-BENZ,VITO 115 CDI,WDF63960313146168,01/01/2005 00:00:00,СИНІЙ,ЛЕГКОВИЙ,ПАСАЖИРСЬКИЙ,ЗАГАЛЬНИЙ,ДИЗЕЛЬНЕ ПАЛИВО,2148,1840,2940,ВН7584ТС
343,P,1822083201,308,ПЕРЕРЕЄСТРАЦІЯ НА НОВОГО ВЛАСНИКА ЗА ДОГ. КУПIВЛI-ПРОДАЖУ (СГ),12/23/2022 00:00:00,12254,ТСЦ 1841,VOLKSWAGEN,CADDY,WV1ZZZ2KZ5X011237,01/01/2004 00:00:00,ЧОРНИЙ,ЛЕГКОВИЙ,ВАНТАЖОПАСАЖИРСЬКИЙ,ЗАГАЛЬНИЙ,ДИЗЕЛЬНЕ ПАЛИВО,1968,1080,1730,АМ0986НН
344,P,3210300000,308,ПЕРЕРЕЄСТРАЦІЯ НА НОВОГО ВЛАСНИКА ЗА ДОГ. КУПIВЛI-ПРОДАЖУ (СГ),01/12/2022 00:00:00,12293,ТСЦ 8044,VOLKSWAGEN,LT 35,WV1ZZZ2DZXH028969,01/01/1999 00:00:00,БІЛИЙ,ВАНТАЖНИЙ,ФУРГОН,СПЕЦІАЛІЗОВАНИЙ,ДИЗЕЛЬНЕ ПАЛИВО,2461,1850,3500,КА7355ЕХ
345,P,7410700000,315,ПЕРЕРЕЄСТРАЦІЯ ТЗ НА НОВ. ВЛАСН. ПО ДОГОВОРУ УКЛАДЕНОМУ В ТСЦ,08/04/2022 00:00:00,12384,ТСЦ 7442,ЗАЗ,LANOS,Y6DTF69Y0C0309280,01/01/2012 00:00:00,СІРИЙ,ЛЕГКОВИЙ,СЕДАН,ЗАГАЛЬНИЙ,БЕНЗИН АБО ГАЗ,1498,1096,1595,СВ3219ЕН
346,P,4610137500,315,ПЕРЕРЕЄСТРАЦІЯ ТЗ НА НОВ. ВЛАСН. ПО ДОГОВОРУ УКЛАДЕНОМУ В ТСЦ,12/22/2022 00:00:00,12307,ТСЦ  4641,KIA,CERATO 1.6D 5MT2,Y6LFE22628L014150,01/01/2008 00:00:00,БЕЖЕВИЙ,ЛЕГКОВИЙ,СЕДАН,ЗАГАЛЬНИЙ,ДИЗЕЛЬНЕ ПАЛИВО,1599,970,1445,ВС0461РО
347,P,722885201,308,ПЕРЕРЕЄСТРАЦІЯ НА НОВОГО ВЛАСНИКА ЗА ДОГ. КУПIВЛI-ПРОДАЖУ (СГ),01/15/2022 00:00:00,12235,ТСЦ 0741,VOLKSWAGEN,CADDY,WV1ZZZ2KZ5X104966,01/01/2005 00:00:00,ЖОВТИЙ,ЛЕГКОВИЙ,ПАСАЖИРСЬКИЙ,ЗАГАЛЬНИЙ,ДИЗЕЛЬНЕ ПАЛИВО,1968,1455,2205,АС8640НА
348,J,7423084001,350,ПЕРЕРЕЄСТРАЦIЯ У ЗВ`ЯЗКУ ЗI ЗМIНОЮ НАЗВИ ОРГАНIЗАЦIЇ,01/12/2022 00:00:00,12386,ТСЦ 7444,VOLKSWAGEN,CADDY,WV1ZZZ2KZ6X023771,01/01/2005 00:00:00,СІРИЙ,ЛЕГКОВИЙ,ПАСАЖИРСЬКИЙ,ЗАГАЛЬНИЙ,ДИЗЕЛЬНЕ ПАЛИВО,1896,1375,2085,СВ2456ВА
349,P,4410100000,315,ПЕРЕРЕЄСТРАЦІЯ ТЗ НА НОВ. ВЛАСН. ПО ДОГОВОРУ УКЛАДЕНОМУ В ТСЦ,10/28/2022 00:00:00,12230,ТСЦ 0542,MITSUBISHI,SPACE STAR,XMCLRDG5A4F020712,01/01/2004 00:00:00,ЧОРНИЙ,ЛЕГКОВИЙ,УНІВЕРСАЛ,ЗАГАЛЬНИЙ,БЕНЗИН,1834,1350,1675,АВ9985ІО
350,P,1425584301,340,ПЕРЕРЕЄСТРАЦIЯ У ЗВ`ЯЗКУ ЗI ЗМIНОЮ АНКЕТНИХ ДАНИХ ВЛАСНИКА(БЕЗ ЗМІНИ РЕГІОНУ РЕЄСТРАЦІЇ),09/29/2022 00:00:00,12229,ТСЦ 0541,VOLKSWAGEN,CADDY,WV1ZZZ2KZ7X046029,01/01/2006 00:00:00,ЧЕРВОНИЙ,ЛЕГКОВИЙ,ПАСАЖИРСЬКИЙ,ЗАГАЛЬНИЙ,ДИЗЕЛЬНЕ ПАЛИВО,1896,1450,2075,АН5334ІС
351,J,5310137000,540,ЗНЯТТЯ З ОБЛІКУ У ЗВ`ЯЗКУ З ВИБРАКОВКОЮ,08/12/2022 00:00:00,12330,ТСЦ 5341,ЗАЗ-DAEWOO,T13110,Y6DT1311040188292,01/01/2004 00:00:00,БЕЖЕВИЙ,ЛЕГКОВИЙ,ОПЕРАТИВНИЙ-B,СПЕЦІАЛІЗОВАНИЙ,БЕНЗИН,1299,1010,1400,
352,P,2624881301,308,ПЕРЕРЕЄСТРАЦІЯ НА НОВОГО ВЛАСНИКА ЗА ДОГ. КУПIВЛI-ПРОДАЖУ (СГ),01/06/2022 00:00:00,12277,ТСЦ 2642,OPEL,VECTRA,W0L0ZCF6941006273,01/01/2003 00:00:00,БЕЖЕВИЙ,ЛЕГКОВИЙ,СЕДАН,ЗАГАЛЬНИЙ,БЕНЗИН АБО ГАЗ,2200,1450,1960,АТ7161НЕ
353,P,7321510100,315,ПЕРЕРЕЄСТРАЦІЯ ТЗ НА НОВ. ВЛАСН. ПО ДОГОВОРУ УКЛАДЕНОМУ В ТСЦ,08/24/2022 00:00:00,12389,ТСЦ 7342,RENAULT,MEGANE SCENIC,VF1JAB30E27565628,01/01/2002 00:00:00,ЗЕЛЕНИЙ,ЛЕГКОВИЙ,УНІВЕРСАЛ,ЗАГАЛЬНИЙ,БЕНЗИН,1998,1400,1900,СЕ3507ЕІ
354,P,1210138100,315,ПЕРЕРЕЄСТРАЦІЯ ТЗ НА НОВ. ВЛАСН. ПО ДОГОВОРУ УКЛАДЕНОМУ В ТСЦ,07/04/2022 00:00:00,12240,ТСЦ 1241,KIA,MAGENTIS,Y6LGE22739L200881,01/01/2009 00:00:00,СІРИЙ,ЛЕГКОВИЙ,СЕДАН,ЗАГАЛЬНИЙ,БЕНЗИН АБО ГАЗ,1997,1545,2000,АЕ3233ІТ
355,P,5322885301,315,ПЕРЕРЕЄСТРАЦІЯ ТЗ НА НОВ. ВЛАСН. ПО ДОГОВОРУ УКЛАДЕНОМУ В ТСЦ,02/16/2022 00:00:00,12333,ТСЦ 5344,CHEVROLET,AVEO,Y6DSF69YE8B088801,01/01/2007 00:00:00,ЧЕРВОНИЙ,ЛЕГКОВИЙ,СЕДАН,ЗАГАЛЬНИЙ,БЕНЗИН АБО ГАЗ,1498,1190,1535,ВІ9511НЕ
356,P,6510100000,440,ПЕРЕРЕЄСТРАЦIЯ ПРИ ВТРАТІ СВIДОЦТВА ПРО РЕЄСТРАЦIЮ,12/03/2022 00:00:00,12319,ТСЦ 4845,ВАЗ,217130,XTA217130C0082221,01/01/2012 00:00:00,ЧЕРВОНИЙ,ЛЕГКОВИЙ,УНІВЕРСАЛ,ЗАГАЛЬНИЙ,БЕНЗИН,1596,1100,1593,ВТ9676СО
357,P,5323655100,308,ПЕРЕРЕЄСТРАЦІЯ НА НОВОГО ВЛАСНИКА ЗА ДОГ. КУПIВЛI-ПРОДАЖУ (СГ),12/01/2022 00:00:00,12332,ТСЦ 5343,NISSAN,INTERSTAR,VNVF3B1H6UB026214,01/01/2009 00:00:00,БІЛИЙ,ВАНТАЖНИЙ,ФУРГОН,СПЕЦІАЛІЗОВАНИЙ,ДИЗЕЛЬНЕ ПАЛИВО,2464,1887,3300,ВІ4323НР
358,P,5310400000,308,ПЕРЕРЕЄСТРАЦІЯ НА НОВОГО ВЛАСНИКА ЗА ДОГ. КУПIВЛI-ПРОДАЖУ (СГ),12/28/2022 00:00:00,12331,ТСЦ 5342,NISSAN,INTERSTAR,VNVF3B1H6UB026214,01/01/2009 00:00:00,БІЛИЙ,ВАНТАЖНИЙ,ФУРГОН,СПЕЦІАЛІЗОВАНИЙ,ДИЗЕЛЬНЕ ПАЛИВО,2464,1887,3300,ВІ8808ВС
359,P,1824086201,315,ПЕРЕРЕЄСТРАЦІЯ ТЗ НА НОВ. ВЛАСН. ПО ДОГОВОРУ УКЛАДЕНОМУ В ТСЦ,09/30/2022 00:00:00,12257,ТСЦ 1844,FIAT,FIORINO,ZFA22500000018041,01/01/2008 00:00:00,БІЛИЙ,ЛЕГКОВИЙ,ПАСАЖИРСЬКИЙ,ЗАГАЛЬНИЙ,ДИЗЕЛЬНЕ ПАЛИВО,1248,1090,1700,АМ2486НІ
360,J,6510100000,315,ПЕРЕРЕЄСТРАЦІЯ ТЗ НА НОВ. ВЛАСН. ПО ДОГОВОРУ УКЛАДЕНОМУ В ТСЦ,01/28/2022 00:00:00,12365,ТСЦ  6541,TOYOTA,PRADO,JTEBU25J175102006,01/01/2007 00:00:00,ЧОРНИЙ,ЛЕГКОВИЙ,УНІВЕРСАЛ,ЗАГАЛЬНИЙ,БЕНЗИН АБО ГАЗ,3956,2000,2570,ВТ6128СХ
361,P,8038600000,315,ПЕРЕРЕЄСТРАЦІЯ ТЗ НА НОВ. ВЛАСН. ПО ДОГОВОРУ УКЛАДЕНОМУ В ТСЦ,11/02/2022 00:00:00,12290,ТСЦ 8041,NISSAN,NOTE,SJNFCAE11U1314759,01/01/2008 00:00:00,СІРИЙ,ЛЕГКОВИЙ,ХЕТЧБЕК,ЗАГАЛЬНИЙ,БЕНЗИН,1598,1200,1580,КА1081ІВ
362,P,6810100000,308,ПЕРЕРЕЄСТРАЦІЯ НА НОВОГО ВЛАСНИКА ЗА ДОГ. КУПIВЛI-ПРОДАЖУ (СГ),02/08/2022 00:00:00,12371,ТСЦ 6841,VOLKSWAGEN,LT 46,WV1ZZZ2DZ6H038379,01/01/2004 00:00:00,ЖОВТИЙ,ВАНТАЖНИЙ,ФУРГОН,СПЕЦІАЛІЗОВАНИЙ,ДИЗЕЛЬНЕ ПАЛИВО,2799,2600,3500,ВХ5841НЕ
363,P,7310100000,430,ПЕРЕРЕЄСТРАЦІЯ ПРИ ЗАМІНІ СВІДОЦТВА ПРО РЕЄСТРАЦІЮ,07/20/2022 00:00:00,12388,ТСЦ 7341,MERCEDES-BENZ,SPRINTER 313 CDI,WDB9066371S260699,01/01/2008 00:00:00,ЧЕРВОНИЙ,ВАНТАЖНИЙ,ФУРГОН,СПЕЦІАЛІЗОВАНИЙ,ДИЗЕЛЬНЕ ПАЛИВО,2148,2231,3500,СЕ9511ВА
364,P,2624482501,308,ПЕРЕРЕЄСТРАЦІЯ НА НОВОГО ВЛАСНИКА ЗА ДОГ. КУПIВЛI-ПРОДАЖУ (СГ),12/29/2022 00:00:00,12277,ТСЦ 2642,RENAULT,KANGOO,VF1FC08BF33640448,01/01/2005 00:00:00,ЧЕРВОНИЙ,ЛЕГКОВИЙ,ПАСАЖИРСЬКИЙ,ЗАГАЛЬНИЙ,ДИЗЕЛЬНЕ ПАЛИВО,1461,1064,1885,АТ0918НО
365,P,7322589001,315,ПЕРЕРЕЄСТРАЦІЯ ТЗ НА НОВ. ВЛАСН. ПО ДОГОВОРУ УКЛАДЕНОМУ В ТСЦ,09/15/2022 00:00:00,12389,ТСЦ 7342,FIAT,DOBLO,ZFA26300009087974,01/01/2011 00:00:00,БІЛИЙ,ЛЕГКОВИЙ,ПАСАЖИРСЬКИЙ,ЗАГАЛЬНИЙ,ДИЗЕЛЬНЕ ПАЛИВО,1248,1433,2330,СЕ7189ЕЕ
366,P,4623681601,308,ПЕРЕРЕЄСТРАЦІЯ НА НОВОГО ВЛАСНИКА ЗА ДОГ. КУПIВЛI-ПРОДАЖУ (СГ),09/30/2022 00:00:00,12307,ТСЦ  4641,TOYOTA,YARIS,VNKKJ0D3X0A095520,01/01/2012 00:00:00,СІРИЙ,ЛЕГКОВИЙ,ХЕТЧБЕК,ЗАГАЛЬНИЙ,БЕНЗИН,1329,1075,1450,ВС6193РЕ
367,P,8036300000,308,ПЕРЕРЕЄСТРАЦІЯ НА НОВОГО ВЛАСНИКА ЗА ДОГ. КУПIВЛI-ПРОДАЖУ (СГ),01/26/2022 00:00:00,12282,ТСЦ 3243,VOLKSWAGEN,CRAFTER,WV1ZZZ2FZ97003493,01/01/2008 00:00:00,БЕЖЕВИЙ,ВАНТАЖНИЙ,ФУРГОН РЕФРИЖЕРАТОР,СПЕЦІАЛІЗОВАНИЙ,ДИЗЕЛЬНЕ ПАЛИВО,2461,3310,5000,АІ2910ОМ
368,P,8036300000,540,ЗНЯТТЯ З ОБЛІКУ У ЗВ`ЯЗКУ З ВИБРАКОВКОЮ,07/29/2022 00:00:00,12295,ТСЦ 8046,ГАЗ,2705,Y7D270500W1005738,01/01/1998 00:00:00,ЧЕРВОНИЙ,ВАНТАЖНИЙ,ФУРГОН,СПЕЦІАЛІЗОВАНИЙ,БЕНЗИН,2445,2000,3500,
369,P,5121056800,308,ПЕРЕРЕЄСТРАЦІЯ НА НОВОГО ВЛАСНИКА ЗА ДОГ. КУПIВЛI-ПРОДАЖУ (СГ),09/27/2022 00:00:00,12322,ТСЦ 5142,AUDI,A5,WAUZZZ8T79A046798,01/01/2009 00:00:00,ЧОРНИЙ,ЛЕГКОВИЙ,КУПЕ,ЗАГАЛЬНИЙ,БЕНЗИН,1984,1535,1960,ВН4606РТ
370,P,6320210100,315,ПЕРЕРЕЄСТРАЦІЯ ТЗ НА НОВ. ВЛАСН. ПО ДОГОВОРУ УКЛАДЕНОМУ В ТСЦ,10/14/2022 00:00:00,12355,ТСЦ 6341,MERCEDES-BENZ,E 220 CDI,WDB2112081B017615,01/01/2006 00:00:00,СІРИЙ,ЛЕГКОВИЙ,УНІВЕРСАЛ,ЗАГАЛЬНИЙ,ДИЗЕЛЬНЕ ПАЛИВО,2149,1810,2360,АХ5730МА
371,P,3510300000,315,ПЕРЕРЕЄСТРАЦІЯ ТЗ НА НОВ. ВЛАСН. ПО ДОГОВОРУ УКЛАДЕНОМУ В ТСЦ,08/02/2022 00:00:00,12299,ТСЦ 3542,SKODA,FELICIA,TMBEEA613W0900097,01/01/1998 00:00:00,ЧЕРВОНИЙ,ЛЕГКОВИЙ,ХЕТЧБЕК,ЗАГАЛЬНИЙ,БЕНЗИН АБО ГАЗ,1289,1089,1550,ВА9043ЕТ
372,P,2625883801,315,ПЕРЕРЕЄСТРАЦІЯ ТЗ НА НОВ. ВЛАСН. ПО ДОГОВОРУ УКЛАДЕНОМУ В ТСЦ,12/13/2022 00:00:00,12276,ТСЦ 2641,ВАЗ,21099,XTA210993R1417153,01/01/1994 00:00:00,ЧЕРВОНИЙ,ЛЕГКОВИЙ,СЕДАН,ЗАГАЛЬНИЙ,БЕНЗИН,1499,970,1395,АТ0996НО
373,J,7110136700,400,ПЕРЕРЕЄСТРАЦIЯ ПРИ ПЕРЕОБЛАДНАННI ДЛЯ РОБОТИ НА ГАЗОВОМУ ПАЛЬНОМУ,10/25/2022 00:00:00,12377,ТСЦ 7141,FIAT,DOBLO,ZFA22300005733075,01/01/2012 00:00:00,БЕЖЕВИЙ,ЛЕГКОВИЙ,ВАНТАЖОПАСАЖИРСЬКИЙ,ЗАГАЛЬНИЙ,БЕНЗИН АБО ГАЗ,1368,1280,1920,СА4950ВН
374,P,2624087401,315,ПЕРЕРЕЄСТРАЦІЯ ТЗ НА НОВ. ВЛАСН. ПО ДОГОВОРУ УКЛАДЕНОМУ В ТСЦ,02/10/2022 00:00:00,12278,ТСЦ 2643,RENAULT,KANGOO,VF1FC07BF27459997,01/01/2002 00:00:00,БІЛИЙ,ЛЕГКОВИЙ,ПАСАЖИРСЬКИЙ,ЗАГАЛЬНИЙ,ДИЗЕЛЬНЕ ПАЛИВО,1461,1155,1875,АТ6461НЕ
375,P,4810300000,315,ПЕРЕРЕЄСТРАЦІЯ ТЗ НА НОВ. ВЛАСН. ПО ДОГОВОРУ УКЛАДЕНОМУ В ТСЦ,02/19/2022 00:00:00,12315,ТСЦ 4841,PEUGEOT,308,VF34C5FS0BS050038,01/01/2011 00:00:00,ЧОРНИЙ,ЛЕГКОВИЙ,ХЕТЧБЕК,ЗАГАЛЬНИЙ,БЕНЗИН АБО ГАЗ,1598,1337,1800,ВЕ6997ЕО
376,P,7110100000,315,ПЕРЕРЕЄСТРАЦІЯ ТЗ НА НОВ. ВЛАСН. ПО ДОГОВОРУ УКЛАДЕНОМУ В ТСЦ,11/23/2022 00:00:00,12377,ТСЦ 7141,OPEL,OMEGA,W0L000022T1016195,01/01/1996 00:00:00,ЗЕЛЕНИЙ,ЛЕГКОВИЙ,УНІВЕРСАЛ,ЗАГАЛЬНИЙ,БЕНЗИН АБО ГАЗ,1998,1685,2180,СА3760ІТ
377,P,5621284801,308,ПЕРЕРЕЄСТРАЦІЯ НА НОВОГО ВЛАСНИКА ЗА ДОГ. КУПIВЛI-ПРОДАЖУ (СГ),01/11/2022 00:00:00,12337,ТСЦ 5641,CITROEN,BERLINGO,VF7GBWJYB94154426,01/01/2005 00:00:00,БІЛИЙ,ЛЕГКОВИЙ,ПАСАЖИРСЬКИЙ,ЗАГАЛЬНИЙ,ДИЗЕЛЬНЕ ПАЛИВО,1868,1138,1755,ВК8950НР
378,P,2620484801,315,ПЕРЕРЕЄСТРАЦІЯ ТЗ НА НОВ. ВЛАСН. ПО ДОГОВОРУ УКЛАДЕНОМУ В ТСЦ,07/01/2022 00:00:00,12277,ТСЦ 2642,TOYOTA,LAND CRUISER PRADO,JTEBH3FJ205043000,01/01/2012 00:00:00,ЧОРНИЙ,ЛЕГКОВИЙ,УНІВЕРСАЛ,ЗАГАЛЬНИЙ,ДИЗЕЛЬНЕ ПАЛИВО,2982,2170,2990,АТ0802НЕ
379,P,6810100000,315,ПЕРЕРЕЄСТРАЦІЯ ТЗ НА НОВ. ВЛАСН. ПО ДОГОВОРУ УКЛАДЕНОМУ В ТСЦ,02/12/2022 00:00:00,12371,ТСЦ 6841,BMW,325IX,WBACB31000FD85970,01/01/1994 00:00:00,ЗЕЛЕНИЙ,ЛЕГКОВИЙ,СЕДАН,ЗАГАЛЬНИЙ,БЕНЗИН,2500,1320,1790,ВХ8589НА
380,P,4610136900,410,ПЕРЕРЕЄСТРАЦІЯ ПРИ ЗАМІНІ НОМЕРНОГО ЗНАКУ,02/08/2022 00:00:00,12310,ТСЦ 4644,AUDI,A6 QUATTRO,WAUZZZ4F79Z010983,01/01/2009 00:00:00,ЗЕЛЕНИЙ,ЛЕГКОВИЙ,СЕДАН,ЗАГАЛЬНИЙ,БЕНЗИН,2995,1758,2305,ВС8094ОН
381,P,8038900000,315,ПЕРЕРЕЄСТРАЦІЯ ТЗ НА НОВ. ВЛАСН. ПО ДОГОВОРУ УКЛАДЕНОМУ В ТСЦ,07/23/2022 00:00:00,12296,ТСЦ 8047,SKODA,FABIA,TMBEC45J4DB500078,01/01/2012 00:00:00,БІЛИЙ,ЛЕГКОВИЙ,ХЕТЧБЕК,ЗАГАЛЬНИЙ,БЕНЗИН,1390,1075,1575,КА2186НЕ
